NAMEN UPORABE INTERNETA;LETO;Število posameznikov – SKUPAJ;Najveè OŠ izobrazba;Srednja izobrazba;Vsaj visokošolska izobrazba;Moški – SKUPAJ;Moški – najveè OŠ izobrazba;Moški – srednja izobrazba;Moški – vsaj višješolska izobrazba;Ženske – SKUPAJ;Ženske – najveè OŠ izobrazba;Ženske – srednja izobrazba;Ženske – vsaj višješolska izobrazba
Posamezniki;2007;1562212;397243;908349;256620;782467;168839;499782;113846;779745;228403;408568;142774
Uporaba interneta v zadnjih 3 mesecih [redni uporabniki];2007;832635;97752;504282;230601;426638;52839;274342;99457;405997;44913;229940;131144
..Pošiljanje ali prejemanje e-pošte;2007;694290;82701;397832;213758;355983;45299;219266;91418;338307;37402;178566;122340
..E-banèništvo;2007;298911;11764;155121;132026;156447;3167;90274;63006;142464;8597;64847;69021
..Iskanje informacij o blagu, storitvah;2007;732891;83038;434143;215709;378490;46305;244417;87768;354401;36733;189726;127941
…Uporaba pridobljenih informacij prek interneta o blagu, storitvah za nakup blaga, storitev;2007;-;-;-;-;-;-;-;-;-;-;-;-
…Uporaba pridobljenih informacij o blagu, storitvah za nakup preko interneta;2007;-;-;-;-;-;-;-;-;-;-;-;-
..Uporaba storitev, povezanih s potovanji in nastanitvijo;2007;409041;25511;232458;151073;194555;12709;121237;60609;214486;12801;111220;90465
..Branje spletni novic, spletnih èasopisov, spletnih revij;2007;366539;34115;199091;133332;179592;18702;101158;59732;186946;15413;97933;73601
...Naroèilo na spletne èasopisove, revije;2007;66086;1793;28393;35900;32123;717;14174;17233;33963;1076;14219;18667
..Iskanje službe, pošiljanje prošenj za službo;2007;177921;6958;123773;47189;91164;669;68650;21844;86757;6289;55123;25345
..Iskanje informacij, povezanih z zdravjem;2007;408285;22634;249236;136415;180975;12384;121452;47139;227311;10251;127784;89276
..E-naroèanje obiska pri zdravniku;2007;-;-;-;-;-;-;-;-;-;-;-;-
..Sodelovanje v spletnih družabnih omrežjih;2007;-;-;-;-;-;-;-;-;-;-;-;-
..Sodelovanje v profesionalnih spletnih omrežjih;2007;-;-;-;-;-;-;-;-;-;-;-;-
..Ustvarjanje ali urejanje lastnega profila v spletnih družabnih omrežjih;2007;-;-;-;-;-;-;-;-;-;-;-;-
..Telefoniranje ali video telefoniranje s spletno kamero prek interneta;2007;-;-;-;-;-;-;-;-;-;-;-;-
...Telefoniranje prek interneta;2007;-;-;-;-;-;-;-;-;-;-;-;-
…Video telefoniranje s spletno kamero prek interneta;2007;-;-;-;-;-;-;-;-;-;-;-;-
..Telefoniranje prek interneta, videokonferenca;2007;136735;15644;72826;48266;83867;7279;47892;28696;52869;8364;24934;19570
..Branje in objavljanje mnenj o politiènih temah;2007;-;-;-;-;-;-;-;-;-;-;-;-
..Sodelovanje v spletnih razpravah [tudi glasovanje] o politiènih temah;2007;-;-;-;-;-;-;-;-;-;-;-;-
..Uporaba prostora za hrambo podatkov na internetu za shranjevanje datotek;2007;-;-;-;-;-;-;-;-;-;-;-;-
..Prodaja blaga, storitev;2007;146240;6374;93376;46490;91416;4685;62876;23855;54824;1688;30501;22635
..Prenašanje programske opreme;2007;292115;41759;170972;79384;189697;29036;117890;42771;102418;12723;53082;36613
..Nalaganje lastnih vsebin na spletne strani;2007;-;-;-;-;-;-;-;-;-;-;-;-
..Pridobivanje znanja s pomoèjo spletnih enciklopedij;2007;-;-;-;-;-;-;-;-;-;-;-;-
…Objavljanje lastnih prispevkov v spletnih enciklopedijah;2007;-;-;-;-;-;-;-;-;-;-;-;-
..Nalaganje vsebin na spletno stran;2007;-;-;-;-;-;-;-;-;-;-;-;-
..Pridobivanje informacij o izobraževanju;2007;274334;31212;150319;92804;133907;14639;78066;41202;140427;16573;72252;51602
..Opravljanje teèaja prek interneta;2007;30846;-;17874;12972;19375;-;10919;8456;11471;-;6955;4516
..Pridobivanje novih znanj, informacij;2007;371033;42926;195905;132203;182236;23097;101940;57199;188797;19829;93965;75004
..Uporaba interneta za izobraževanje in teèaje;2007;431966;45978;232114;153874;212017;23097;121328;67592;219949;22881;110787;86282
..Udeležba kakršnega koli teèaja;2007;161947;20925;75923;65099;73888;8729;38464;26694;88059;12195;37459;38405
…Izvajanje raziskovanj prek interneta v sklopu teèaja;2007;83818;12416;40856;30546;38150;6083;22381;9686;45668;6333;18476;20859
…Izmenjava sporoèil prek interneta v povezavi s teèajem;2007;61805;8105;24627;29073;29229;2595;12651;13983;32577;5510;11976;15090
…Prenos uènega gradiva za teèaj prek interneta;2007;101098;12356;43639;45102;48398;5163;23788;19446;52700;7193;19851;25656
…Preverjanje dosegljivost knjig ali èlankov prek interneta za teèaj;2007;71599;5259;32513;33827;34437;995;17912;15530;37162;4264;14601;18297
..Poslušanje spletnih radijskih postaj ali gledanje spletne TV;2007;352152;49626;212597;89929;199494;31923;126508;41064;152657;17703;86090;48864
..Poslušanje spletnih radijskih postaj;2007;271796;41233;157924;72640;161306;26421;97475;37410;110490;14812;60449;35229
..Gledanje spletne TV;2007;243898;26565;154791;62542;141607;18226;92767;30614;102291;8339;62024;31928
..Iskanje drugih informacij;2007;736808;82522;439975;214311;372632;42169;240403;90061;364176;40352;199573;124251
..Igranje ali prenašanje raèunalniških iger, fotografij, filmov, glasbe;2007;-;-;-;-;-;-;-;-;-;-;-;-
…Igranje spletnih iger z drugimi osebami;2007;-;-;-;-;-;-;-;-;-;-;-;-
..Izdelava spletnih strani ali blogov;2007;-;-;-;-;-;-;-;-;-;-;-;-
..Uporaba e-pošte za delitev datotek;2007;-;-;-;-;-;-;-;-;-;-;-;-
..Uporaba osebnih spletnih strani, blogov, spletnih družabnih omrežij za delitev datotek;2007;-;-;-;-;-;-;-;-;-;-;-;-
..Uporaba prostora za hrambo podatkov na internetu za delitev datotek;2007;-;-;-;-;-;-;-;-;-;-;-;-
..Uporaba zunanjih naprav za delitev datotek;2007;-;-;-;-;-;-;-;-;-;-;-;-
..Pošiljanje sporoèil v spletne klepetalnice, novièarske skupine, forume;2007;-;-;-;-;-;-;-;-;-;-;-;-
..Pošiljanje sporoèil v spletne klepetalnice;2007;-;-;-;-;-;-;-;-;-;-;-;-
..Pošiljanje sporoèil v novièarske skupine;2007;-;-;-;-;-;-;-;-;-;-;-;-
..Pošiljanje sporoèil v spletne forume;2007;-;-;-;-;-;-;-;-;-;-;-;-
..Branje spletnih forumov;2007;-;-;-;-;-;-;-;-;-;-;-;-
..Neposredno sporoèanje;2007;-;-;-;-;-;-;-;-;-;-;-;-
..Branje blogov;2007;-;-;-;-;-;-;-;-;-;-;-;-
..Pošiljanje komentarjev na druge bloge;2007;-;-;-;-;-;-;-;-;-;-;-;-
..Ustvarjanje in urejanje lastnega bloga;2007;-;-;-;-;-;-;-;-;-;-;-;-
..Uporaba spletnih strani e-uprave v zadnjih 3 mesecih;2007;467959;37814;255977;174167;223732;17491;130631;75610;244227;20323;125346;98557
...Uporaba spletnih strani e-uprave za pridobivanje informacij;2007;438283;33619;239658;165006;212966;17491;123746;71729;225316;16128;115912;93277
…Uporaba spletnih strani e-uprave za pridobivanje obrazcev;2007;241293;10483;114807;116003;112535;1712;60441;50383;128758;8771;54366;65620
…Uporaba spletnih strani e-uprave za vraèanje izpolnjenih obrazcev;2007;99132;3565;47841;47726;50144;1712;23178;25254;48988;1853;24663;22472
Posamezniki;2008;1588357;379002;924810;284545;805094;188053;505088;111953;783262;190948;419721;172593
Uporaba interneta v zadnjih 3 mesecih [redni uporabniki];2008;887276;108432;526189;252655;461157;62203;297000;101954;426119;46228;229189;150702
..Pošiljanje ali prejemanje e-pošte;2008;744060;89656;415342;239062;383323;49340;237222;96762;360737;40316;178120;142301
..E-banèništvo;2008;333196;13324;175781;144091;161140;3808;99497;57835;172056;9516;76284;86256
..Iskanje informacij o blagu, storitvah;2008;767671;82456;451523;233691;400714;47943;258224;94547;366957;34513;193299;139144
…Uporaba pridobljenih informacij prek interneta o blagu, storitvah za nakup blaga, storitev;2008;-;-;-;-;-;-;-;-;-;-;-;-
…Uporaba pridobljenih informacij o blagu, storitvah za nakup preko interneta;2008;-;-;-;-;-;-;-;-;-;-;-;-
..Uporaba storitev, povezanih s potovanji in nastanitvijo;2008;413162;31487;222865;158810;202106;14032;120237;67837;211056;17455;102628;90973
..Branje spletni novic, spletnih èasopisov, spletnih revij;2008;534540;64400;295027;175113;282652;36271;177790;68591;251888;28129;117237;106522
...Naroèilo na spletne èasopisove, revije;2008;91524;9092;39912;42520;53292;9092;28065;16136;38231;-;11848;26384
..Iskanje službe, pošiljanje prošenj za službo;2008;154714;13496;93731;47487;83073;8702;54421;19950;71641;4794;39310;27537
..Iskanje informacij, povezanih z zdravjem;2008;435280;31960;245275;158045;192959;13903;124997;54059;242320;18058;120278;103985
..E-naroèanje obiska pri zdravniku;2008;-;-;-;-;-;-;-;-;-;-;-;-
..Sodelovanje v spletnih družabnih omrežjih;2008;-;-;-;-;-;-;-;-;-;-;-;-
..Sodelovanje v profesionalnih spletnih omrežjih;2008;-;-;-;-;-;-;-;-;-;-;-;-
..Ustvarjanje ali urejanje lastnega profila v spletnih družabnih omrežjih;2008;-;-;-;-;-;-;-;-;-;-;-;-
..Telefoniranje ali video telefoniranje s spletno kamero prek interneta;2008;-;-;-;-;-;-;-;-;-;-;-;-
...Telefoniranje prek interneta;2008;-;-;-;-;-;-;-;-;-;-;-;-
…Video telefoniranje s spletno kamero prek interneta;2008;-;-;-;-;-;-;-;-;-;-;-;-
..Telefoniranje prek interneta, videokonferenca;2008;-;-;-;-;-;-;-;-;-;-;-;-
..Branje in objavljanje mnenj o politiènih temah;2008;-;-;-;-;-;-;-;-;-;-;-;-
..Sodelovanje v spletnih razpravah [tudi glasovanje] o politiènih temah;2008;-;-;-;-;-;-;-;-;-;-;-;-
..Uporaba prostora za hrambo podatkov na internetu za shranjevanje datotek;2008;-;-;-;-;-;-;-;-;-;-;-;-
..Prodaja blaga, storitev;2008;276890;29971;176507;70412;169641;20650;118099;30891;107249;9321;58408;39521
..Prenašanje programske opreme;2008;302182;45988;164386;91808;202361;31788;120572;50001;99822;14200;43815;41806
..Nalaganje lastnih vsebin na spletne strani;2008;-;-;-;-;-;-;-;-;-;-;-;-
..Pridobivanje znanja s pomoèjo spletnih enciklopedij;2008;-;-;-;-;-;-;-;-;-;-;-;-
…Objavljanje lastnih prispevkov v spletnih enciklopedijah;2008;-;-;-;-;-;-;-;-;-;-;-;-
..Nalaganje vsebin na spletno stran;2008;-;-;-;-;-;-;-;-;-;-;-;-
..Pridobivanje informacij o izobraževanju;2008;357170;33298;179844;144028;174444;18622;105543;50279;182725;14675;74301;93749
..Opravljanje teèaja prek interneta;2008;46470;6191;23549;16729;26439;1530;16797;8112;20031;4662;6752;8617
..Pridobivanje novih znanj, informacij;2008;495540;55614;267508;172418;245455;28582;150410;66463;250084;27031;117098;105955
..Uporaba interneta za izobraževanje in teèaje;2008;575147;62707;315703;196738;285883;34270;177584;74029;289265;28437;138119;122709
..Udeležba kakršnega koli teèaja;2008;-;-;-;-;-;-;-;-;-;-;-;-
…Izvajanje raziskovanj prek interneta v sklopu teèaja;2008;-;-;-;-;-;-;-;-;-;-;-;-
…Izmenjava sporoèil prek interneta v povezavi s teèajem;2008;-;-;-;-;-;-;-;-;-;-;-;-
…Prenos uènega gradiva za teèaj prek interneta;2008;-;-;-;-;-;-;-;-;-;-;-;-
…Preverjanje dosegljivost knjig ali èlankov prek interneta za teèaj;2008;-;-;-;-;-;-;-;-;-;-;-;-
..Poslušanje spletnih radijskih postaj ali gledanje spletne TV;2008;-;-;-;-;-;-;-;-;-;-;-;-
..Poslušanje spletnih radijskih postaj;2008;-;-;-;-;-;-;-;-;-;-;-;-
..Gledanje spletne TV;2008;-;-;-;-;-;-;-;-;-;-;-;-
..Iskanje drugih informacij;2008;-;-;-;-;-;-;-;-;-;-;-;-
..Igranje ali prenašanje raèunalniških iger, fotografij, filmov, glasbe;2008;-;-;-;-;-;-;-;-;-;-;-;-
…Igranje spletnih iger z drugimi osebami;2008;-;-;-;-;-;-;-;-;-;-;-;-
..Izdelava spletnih strani ali blogov;2008;-;-;-;-;-;-;-;-;-;-;-;-
..Uporaba e-pošte za delitev datotek;2008;-;-;-;-;-;-;-;-;-;-;-;-
..Uporaba osebnih spletnih strani, blogov, spletnih družabnih omrežij za delitev datotek;2008;-;-;-;-;-;-;-;-;-;-;-;-
..Uporaba prostora za hrambo podatkov na internetu za delitev datotek;2008;-;-;-;-;-;-;-;-;-;-;-;-
..Uporaba zunanjih naprav za delitev datotek;2008;-;-;-;-;-;-;-;-;-;-;-;-
..Pošiljanje sporoèil v spletne klepetalnice, novièarske skupine, forume;2008;-;-;-;-;-;-;-;-;-;-;-;-
..Pošiljanje sporoèil v spletne klepetalnice;2008;-;-;-;-;-;-;-;-;-;-;-;-
..Pošiljanje sporoèil v novièarske skupine;2008;-;-;-;-;-;-;-;-;-;-;-;-
..Pošiljanje sporoèil v spletne forume;2008;-;-;-;-;-;-;-;-;-;-;-;-
..Branje spletnih forumov;2008;-;-;-;-;-;-;-;-;-;-;-;-
..Neposredno sporoèanje;2008;-;-;-;-;-;-;-;-;-;-;-;-
..Branje blogov;2008;-;-;-;-;-;-;-;-;-;-;-;-
..Pošiljanje komentarjev na druge bloge;2008;-;-;-;-;-;-;-;-;-;-;-;-
..Ustvarjanje in urejanje lastnega bloga;2008;-;-;-;-;-;-;-;-;-;-;-;-
..Uporaba spletnih strani e-uprave v zadnjih 3 mesecih;2008;499536;39470;266275;193791;247273;18890;152070;76312;252263;20580;114205;117478
...Uporaba spletnih strani e-uprave za pridobivanje informacij;2008;463041;36342;243480;183220;230745;15762;141291;73692;232297;20580;102189;109528
…Uporaba spletnih strani e-uprave za pridobivanje obrazcev;2008;256391;12960;129643;113788;125547;5785;75656;44107;130844;7175;53988;69681
…Uporaba spletnih strani e-uprave za vraèanje izpolnjenih obrazcev;2008;106317;7005;47466;51846;55849;2394;29817;23638;50468;4611;17649;28208
Posamezniki;2009;1578677;361127;925372;292178;788202;148173;521099;118931;790475;212955;404273;173247
Uporaba interneta v zadnjih 3 mesecih [redni uporabniki];2009;978285;143335;562649;272301;493318;70937;313158;109224;484967;72399;249491;163078
..Pošiljanje ali prejemanje e-pošte;2009;832775;108489;463365;260922;423178;55452;262918;104809;409598;53037;200447;156113
..E-banèništvo;2009;386309;16588;202991;166730;196930;7128;116356;73445;189379;9460;86634;93285
..Iskanje informacij o blagu, storitvah;2009;773656;95034;436883;241738;386150;45679;246448;94023;387506;49355;190435;147716
…Uporaba pridobljenih informacij prek interneta o blagu, storitvah za nakup blaga, storitev;2009;568739;58321;317381;193037;286729;27027;178559;81142;282010;31294;138822;111895
…Uporaba pridobljenih informacij o blagu, storitvah za nakup preko interneta;2009;195462;9666;106681;79115;97485;4868;61989;30628;97977;4799;44692;48487
..Uporaba storitev, povezanih s potovanji in nastanitvijo;2009;397874;37208;206535;154132;190394;10826;115592;63975;207480;26381;90942;90157
..Branje spletni novic, spletnih èasopisov, spletnih revij;2009;533674;59951;281967;191756;265255;25933;159738;79583;268419;34018;122229;112172
...Naroèilo na spletne èasopisove, revije;2009;102214;2783;51740;47691;50917;2783;26394;21740;51297;-;25346;25951
..Iskanje službe, pošiljanje prošenj za službo;2009;193163;17324;118583;57257;93614;9545;67200;16868;99549;7778;51382;40389
..Iskanje informacij, povezanih z zdravjem;2009;512423;56350;277066;179006;199707;23173;122306;54229;312715;33177;154760;124778
..E-naroèanje obiska pri zdravniku;2009;-;-;-;-;-;-;-;-;-;-;-;-
..Sodelovanje v spletnih družabnih omrežjih;2009;-;-;-;-;-;-;-;-;-;-;-;-
..Sodelovanje v profesionalnih spletnih omrežjih;2009;-;-;-;-;-;-;-;-;-;-;-;-
..Ustvarjanje ali urejanje lastnega profila v spletnih družabnih omrežjih;2009;317095;71720;167490;77884;163125;33213;101370;28541;153970;38507;66120;49343
..Telefoniranje ali video telefoniranje s spletno kamero prek interneta;2009;225441;31757;119323;74361;136335;20065;76696;39573;89106;11692;42626;34788
...Telefoniranje prek interneta;2009;164874;17506;85459;61909;100229;11332;53106;35790;64645;6173;32353;26119
…Video telefoniranje s spletno kamero prek interneta;2009;135217;22031;76711;36475;77460;12780;50160;14519;57758;9251;26551;21956
..Telefoniranje prek interneta, videokonferenca;2009;-;-;-;-;-;-;-;-;-;-;-;-
..Branje in objavljanje mnenj o politiènih temah;2009;-;-;-;-;-;-;-;-;-;-;-;-
..Sodelovanje v spletnih razpravah [tudi glasovanje] o politiènih temah;2009;-;-;-;-;-;-;-;-;-;-;-;-
..Uporaba prostora za hrambo podatkov na internetu za shranjevanje datotek;2009;-;-;-;-;-;-;-;-;-;-;-;-
..Prodaja blaga, storitev;2009;293329;34892;170390;88047;183809;22034;120322;41453;109520;12858;50068;46594
..Prenašanje programske opreme;2009;311893;50192;163912;97789;202049;31272;114646;56132;109844;18921;49266;41657
..Nalaganje lastnih vsebin na spletne strani;2009;-;-;-;-;-;-;-;-;-;-;-;-
..Pridobivanje znanja s pomoèjo spletnih enciklopedij;2009;-;-;-;-;-;-;-;-;-;-;-;-
…Objavljanje lastnih prispevkov v spletnih enciklopedijah;2009;-;-;-;-;-;-;-;-;-;-;-;-
..Nalaganje vsebin na spletno stran;2009;361031;60615;193987;106429;195555;30745;117739;47071;165476;29870;76248;59358
..Pridobivanje informacij o izobraževanju;2009;335775;37846;160477;137452;148600;17531;80668;50401;187175;20315;79808;87052
..Opravljanje teèaja prek interneta;2009;50556;6455;25472;18629;23546;3523;14316;5707;27011;2932;11156;12922
..Pridobivanje novih znanj, informacij;2009;453878;75138;252076;126664;217602;36867;138509;42226;236275;38271;113567;84438
..Uporaba interneta za izobraževanje in teèaje;2009;607779;87564;326480;193735;294796;43982;179757;71058;312983;43582;146723;122678
..Udeležba kakršnega koli teèaja;2009;-;-;-;-;-;-;-;-;-;-;-;-
…Izvajanje raziskovanj prek interneta v sklopu teèaja;2009;-;-;-;-;-;-;-;-;-;-;-;-
…Izmenjava sporoèil prek interneta v povezavi s teèajem;2009;-;-;-;-;-;-;-;-;-;-;-;-
…Prenos uènega gradiva za teèaj prek interneta;2009;-;-;-;-;-;-;-;-;-;-;-;-
…Preverjanje dosegljivost knjig ali èlankov prek interneta za teèaj;2009;-;-;-;-;-;-;-;-;-;-;-;-
..Poslušanje spletnih radijskih postaj ali gledanje spletne TV;2009;565945;87649;311608;166688;299546;44539;185484;69523;266399;43110;126124;97165
..Poslušanje spletnih radijskih postaj;2009;386011;65193;202056;118762;218791;34429;128327;56036;167220;30765;73729;62726
..Gledanje spletne TV;2009;419899;58515;236494;124890;218131;25885;141209;51037;201767;32629;95285;73853
..Iskanje drugih informacij;2009;-;-;-;-;-;-;-;-;-;-;-;-
..Igranje ali prenašanje raèunalniških iger, fotografij, filmov, glasbe;2009;-;-;-;-;-;-;-;-;-;-;-;-
…Igranje spletnih iger z drugimi osebami;2009;-;-;-;-;-;-;-;-;-;-;-;-
..Izdelava spletnih strani ali blogov;2009;-;-;-;-;-;-;-;-;-;-;-;-
..Uporaba e-pošte za delitev datotek;2009;-;-;-;-;-;-;-;-;-;-;-;-
..Uporaba osebnih spletnih strani, blogov, spletnih družabnih omrežij za delitev datotek;2009;-;-;-;-;-;-;-;-;-;-;-;-
..Uporaba prostora za hrambo podatkov na internetu za delitev datotek;2009;-;-;-;-;-;-;-;-;-;-;-;-
..Uporaba zunanjih naprav za delitev datotek;2009;-;-;-;-;-;-;-;-;-;-;-;-
..Pošiljanje sporoèil v spletne klepetalnice, novièarske skupine, forume;2009;333719;67601;167130;98989;178308;36127;97233;44948;155411;31474;69897;54040
..Pošiljanje sporoèil v spletne klepetalnice;2009;184737;41791;87703;55243;102155;23813;51268;27074;82582;17978;36436;28169
..Pošiljanje sporoèil v novièarske skupine;2009;76699;10637;41163;24899;43071;4194;23348;15529;33628;6443;17815;9370
..Pošiljanje sporoèil v spletne forume;2009;250242;46469;126508;77264;132310;24499;72959;34852;117932;21970;53548;42413
..Branje spletnih forumov;2009;539512;76239;298478;164795;279227;38524;171977;68726;260285;37715;126501;96069
..Neposredno sporoèanje;2009;469179;88803;247934;132442;244600;48917;143970;51713;224579;39886;103964;80729
..Branje blogov;2009;388058;60290;206397;121370;210026;24461;132569;52996;178032;35829;73829;68374
..Pošiljanje komentarjev na druge bloge;2009;176750;40537;92533;43680;94157;18118;53261;22778;82594;22420;39272;20902
..Ustvarjanje in urejanje lastnega bloga;2009;120265;34964;60055;25247;65223;14778;38797;11647;55043;20185;21257;13600
..Uporaba spletnih strani e-uprave v zadnjih 3 mesecih;2009;509253;44683;250792;213777;236103;18943;140728;76432;273150;25740;110064;137345
...Uporaba spletnih strani e-uprave za pridobivanje informacij;2009;481637;38733;234498;208406;224404;15220;135205;73979;257233;23512;99293;134427
…Uporaba spletnih strani e-uprave za pridobivanje obrazcev;2009;297792;19143;141906;136743;139601;8303;85940;45358;158191;10840;55966;91385
…Uporaba spletnih strani e-uprave za vraèanje izpolnjenih obrazcev;2009;128179;8613;63467;56099;52038;-;32779;19260;76141;8613;30689;36840
Posamezniki;2010;1577092;339073;935199;302820;800709;162173;513950;124586;776383;176900;421249;178234
Uporaba interneta v zadnjih 3 mesecih [redni uporabniki];2010;1070422;143329;641424;285668;560837;84370;360119;116347;509585;58959;281305;169321
..Pošiljanje ali prejemanje e-pošte;2010;916704;130371;511773;274560;465011;75423;277936;111652;451693;54948;233838;162907
..E-banèništvo;2010;449983;16559;250247;183177;240247;11846;148483;79918;209736;4713;101764;103259
..Iskanje informacij o blagu, storitvah;2010;892496;101430;533899;257167;481129;62479;312248;106401;411367;38950;221651;150765
…Uporaba pridobljenih informacij prek interneta o blagu, storitvah za nakup blaga, storitev;2010;-;-;-;-;-;-;-;-;-;-;-;-
…Uporaba pridobljenih informacij o blagu, storitvah za nakup preko interneta;2010;-;-;-;-;-;-;-;-;-;-;-;-
..Uporaba storitev, povezanih s potovanji in nastanitvijo;2010;594238;46624;333362;214251;282860;16251;182768;83841;311378;30373;150594;130410
..Branje spletni novic, spletnih èasopisov, spletnih revij;2010;647887;77699;360219;209968;326548;42162;192554;91832;321338;35537;167665;118136
...Naroèilo na spletne èasopisove, revije;2010;94715;6662;43626;44427;47275;4599;24767;17909;47440;2063;18859;26517
..Iskanje službe, pošiljanje prošenj za službo;2010;219246;20701;136379;62166;89450;11137;55835;22478;129796;9564;80544;39688
..Iskanje informacij, povezanih z zdravjem;2010;684589;54382;415237;214970;309342;25653;205365;78325;375246;28729;209872;136645
..E-naroèanje obiska pri zdravniku;2010;-;-;-;-;-;-;-;-;-;-;-;-
..Sodelovanje v spletnih družabnih omrežjih;2010;-;-;-;-;-;-;-;-;-;-;-;-
..Sodelovanje v profesionalnih spletnih omrežjih;2010;-;-;-;-;-;-;-;-;-;-;-;-
..Ustvarjanje ali urejanje lastnega profila v spletnih družabnih omrežjih;2010;430414;91564;247713;91137;227528;51923;141761;33844;202886;39640;105953;57293
..Telefoniranje ali video telefoniranje s spletno kamero prek interneta;2010;222103;28159;117966;75978;126127;20324;66413;39390;95976;7834;51553;36588
...Telefoniranje prek interneta;2010;183489;19883;96593;67013;112116;16634;58821;36661;71373;3249;37772;30352
…Video telefoniranje s spletno kamero prek interneta;2010;146896;21585;75206;50105;76560;15030;38632;22898;70336;6555;36573;27207
..Telefoniranje prek interneta, videokonferenca;2010;-;-;-;-;-;-;-;-;-;-;-;-
..Branje in objavljanje mnenj o politiènih temah;2010;-;-;-;-;-;-;-;-;-;-;-;-
..Sodelovanje v spletnih razpravah [tudi glasovanje] o politiènih temah;2010;-;-;-;-;-;-;-;-;-;-;-;-
..Uporaba prostora za hrambo podatkov na internetu za shranjevanje datotek;2010;-;-;-;-;-;-;-;-;-;-;-;-
..Prodaja blaga, storitev;2010;321514;38566;196539;86409;203040;29660;126015;47365;118474;8906;70524;39044
..Prenašanje programske opreme;2010;347150;66502;178826;101822;207454;41577;117237;48640;139696;24925;61589;53182
..Nalaganje lastnih vsebin na spletne strani;2010;-;-;-;-;-;-;-;-;-;-;-;-
..Pridobivanje znanja s pomoèjo spletnih enciklopedij;2010;-;-;-;-;-;-;-;-;-;-;-;-
…Objavljanje lastnih prispevkov v spletnih enciklopedijah;2010;-;-;-;-;-;-;-;-;-;-;-;-
..Nalaganje vsebin na spletno stran;2010;451955;80673;235187;136094;248538;45204;141305;62029;203416;35469;93881;74066
..Pridobivanje informacij o izobraževanju;2010;419934;44367;214468;161099;183034;19862;107995;55176;236900;24505;106473;105922
..Opravljanje teèaja prek interneta;2010;64929;10312;29767;24850;39969;9044;17616;13309;24960;1267;12152;11541
..Pridobivanje novih znanj, informacij;2010;664403;86977;358443;218983;333635;47894;202400;83342;330768;39083;156043;135642
..Uporaba interneta za izobraževanje in teèaje;2010;734943;98299;395766;240878;361749;52817;217056;91876;373193;45482;178710;149002
..Udeležba kakršnega koli teèaja;2010;-;-;-;-;-;-;-;-;-;-;-;-
…Izvajanje raziskovanj prek interneta v sklopu teèaja;2010;-;-;-;-;-;-;-;-;-;-;-;-
…Izmenjava sporoèil prek interneta v povezavi s teèajem;2010;-;-;-;-;-;-;-;-;-;-;-;-
…Prenos uènega gradiva za teèaj prek interneta;2010;-;-;-;-;-;-;-;-;-;-;-;-
…Preverjanje dosegljivost knjig ali èlankov prek interneta za teèaj;2010;-;-;-;-;-;-;-;-;-;-;-;-
..Poslušanje spletnih radijskih postaj ali gledanje spletne TV;2010;627242;96647;350197;180398;356880;57912;213540;85428;270362;38735;136657;94970
..Poslušanje spletnih radijskih postaj;2010;425063;66623;228919;129521;243071;39243;141744;62083;181992;27380;87174;67438
..Gledanje spletne TV;2010;469768;67689;274012;128068;264501;40632;167041;56827;205267;27057;106970;71240
..Iskanje drugih informacij;2010;-;-;-;-;-;-;-;-;-;-;-;-
..Igranje ali prenašanje raèunalniških iger, fotografij, filmov, glasbe;2010;-;-;-;-;-;-;-;-;-;-;-;-
…Igranje spletnih iger z drugimi osebami;2010;-;-;-;-;-;-;-;-;-;-;-;-
..Izdelava spletnih strani ali blogov;2010;-;-;-;-;-;-;-;-;-;-;-;-
..Uporaba e-pošte za delitev datotek;2010;-;-;-;-;-;-;-;-;-;-;-;-
..Uporaba osebnih spletnih strani, blogov, spletnih družabnih omrežij za delitev datotek;2010;-;-;-;-;-;-;-;-;-;-;-;-
..Uporaba prostora za hrambo podatkov na internetu za delitev datotek;2010;-;-;-;-;-;-;-;-;-;-;-;-
..Uporaba zunanjih naprav za delitev datotek;2010;-;-;-;-;-;-;-;-;-;-;-;-
..Pošiljanje sporoèil v spletne klepetalnice, novièarske skupine, forume;2010;310895;52689;176079;82127;170954;27305;99782;43867;139941;25384;76297;38260
..Pošiljanje sporoèil v spletne klepetalnice;2010;155872;30614;90941;34317;84278;18515;49770;15992;71594;12098;41171;18325
..Pošiljanje sporoèil v novièarske skupine;2010;55507;6361;32022;17124;33283;5409;20471;7403;22224;952;11552;9721
..Pošiljanje sporoèil v spletne forume;2010;236240;35612;136147;64481;138845;16843;82025;39978;97395;18770;54123;24503
..Branje spletnih forumov;2010;652311;86891;359836;205584;337752;47615;205249;84889;314559;39277;154587;120695
..Neposredno sporoèanje;2010;462143;93464;246822;121856;235416;49587;138052;47777;226726;43877;108770;74079
..Branje blogov;2010;454479;67050;257709;129721;230428;39333;140781;50314;224052;27717;116928;79407
..Pošiljanje komentarjev na druge bloge;2010;153141;31951;85558;35633;83190;18920;49666;14604;69951;13031;35892;21028
..Ustvarjanje in urejanje lastnega bloga;2010;78069;18696;40624;18749;43189;11714;23151;8325;34879;6982;17473;10424
..Uporaba spletnih strani e-uprave v zadnjih 3 mesecih;2010;636426;60435;342685;233305;311216;29213;183068;98935;325209;31222;159617;134371
...Uporaba spletnih strani e-uprave za pridobivanje informacij;2010;636426;60435;342685;233305;311216;29213;183068;98935;325209;31222;159617;134371
…Uporaba spletnih strani e-uprave za pridobivanje obrazcev;2010;392696;28148;192802;171747;187545;18680;97462;71403;205152;9468;95341;100343
…Uporaba spletnih strani e-uprave za vraèanje izpolnjenih obrazcev;2010;134382;4801;57158;72423;68909;3652;31326;33932;65473;1150;25833;38491
Posamezniki;2011;1541185;331540;901970;307675;774395;137484;505081;131830;766790;194056;396890;175844
Uporaba interneta v zadnjih 3 mesecih [redni uporabniki];2011;1037835;102077;642616;293142;550827;59441;366142;125244;487008;42636;276474;167899
..Pošiljanje ali prejemanje e-pošte;2011;909987;80101;543605;286281;468695;48099;299949;120646;441291;32001;243655;165635
..E-banèništvo;2011;477354;11900;273269;192185;257818;6591;168142;83085;219536;5309;105127;109100
..Iskanje informacij o blagu, storitvah;2011;824789;71442;503014;250333;447247;47525;286727;112995;377541;23918;216286;137337
…Uporaba pridobljenih informacij prek interneta o blagu, storitvah za nakup blaga, storitev;2011;-;-;-;-;-;-;-;-;-;-;-;-
…Uporaba pridobljenih informacij o blagu, storitvah za nakup preko interneta;2011;-;-;-;-;-;-;-;-;-;-;-;-
..Uporaba storitev, povezanih s potovanji in nastanitvijo;2011;546525;33149;321796;191580;276466;20253;171233;84981;270059;12896;150563;106600
..Branje spletni novic, spletnih èasopisov, spletnih revij;2011;792044;66423;481836;243785;426069;42097;280644;103329;365975;24326;201192;140457
...Naroèilo na spletne èasopisove, revije;2011;106262;2029;52450;51783;56433;2029;28680;25724;49829;-;23770;26059
..Iskanje službe, pošiljanje prošenj za službo;2011;212053;15196;142807;54051;98783;6483;77689;14611;113270;8713;65118;39440
..Iskanje informacij, povezanih z zdravjem;2011;725346;54742;450842;219762;334440;28689;219989;85762;390906;26054;230852;134000
..E-naroèanje obiska pri zdravniku;2011;-;-;-;-;-;-;-;-;-;-;-;-
..Sodelovanje v spletnih družabnih omrežjih;2011;492628;58704;303977;129947;246664;31616;162558;52489;245965;27088;141419;77458
..Sodelovanje v profesionalnih spletnih omrežjih;2011;42110;1739;14700;25671;26097;747;12058;13292;16013;993;2641;12379
..Ustvarjanje ali urejanje lastnega profila v spletnih družabnih omrežjih;2011;-;-;-;-;-;-;-;-;-;-;-;-
..Telefoniranje ali video telefoniranje s spletno kamero prek interneta;2011;256975;35245;129793;91937;157900;23406;81966;52527;99075;11839;47826;39410
...Telefoniranje prek interneta;2011;-;-;-;-;-;-;-;-;-;-;-;-
…Video telefoniranje s spletno kamero prek interneta;2011;-;-;-;-;-;-;-;-;-;-;-;-
..Telefoniranje prek interneta, videokonferenca;2011;-;-;-;-;-;-;-;-;-;-;-;-
..Branje in objavljanje mnenj o politiènih temah;2011;218023;12670;120385;84969;123309;10622;70508;42179;94714;2048;49877;42789
..Sodelovanje v spletnih razpravah [tudi glasovanje] o politiènih temah;2011;81826;685;40783;40358;46309;-;22550;23759;35517;685;18233;16599
..Uporaba prostora za hrambo podatkov na internetu za shranjevanje datotek;2011;-;-;-;-;-;-;-;-;-;-;-;-
..Prodaja blaga, storitev;2011;458636;39885;292049;126702;299893;30705;197435;71753;158743;9180;94614;54949
..Prenašanje programske opreme;2011;369464;45834;207159;116471;235729;29838;137754;68137;133735;15996;69405;48334
..Nalaganje lastnih vsebin na spletne strani;2011;-;-;-;-;-;-;-;-;-;-;-;-
..Pridobivanje znanja s pomoèjo spletnih enciklopedij;2011;529572;53820;278530;197223;253748;32568;134491;86689;275824;21252;144038;110533
…Objavljanje lastnih prispevkov v spletnih enciklopedijah;2011;31393;3168;11629;16597;16403;2175;5558;8671;14989;993;6071;7926
..Nalaganje vsebin na spletno stran;2011;-;-;-;-;-;-;-;-;-;-;-;-
..Pridobivanje informacij o izobraževanju;2011;502886;40742;277806;184337;243276;22811;139803;80663;259609;17931;138003;103675
..Opravljanje teèaja prek interneta;2011;79479;6830;37466;35183;39911;4923;22944;12044;39568;1907;14522;23139
..Pridobivanje novih znanj, informacij;2011;-;-;-;-;-;-;-;-;-;-;-;-
..Uporaba interneta za izobraževanje in teèaje;2011;-;-;-;-;-;-;-;-;-;-;-;-
..Udeležba kakršnega koli teèaja;2011;-;-;-;-;-;-;-;-;-;-;-;-
…Izvajanje raziskovanj prek interneta v sklopu teèaja;2011;-;-;-;-;-;-;-;-;-;-;-;-
…Izmenjava sporoèil prek interneta v povezavi s teèajem;2011;-;-;-;-;-;-;-;-;-;-;-;-
…Prenos uènega gradiva za teèaj prek interneta;2011;-;-;-;-;-;-;-;-;-;-;-;-
…Preverjanje dosegljivost knjig ali èlankov prek interneta za teèaj;2011;-;-;-;-;-;-;-;-;-;-;-;-
..Poslušanje spletnih radijskih postaj ali gledanje spletne TV;2011;-;-;-;-;-;-;-;-;-;-;-;-
..Poslušanje spletnih radijskih postaj;2011;-;-;-;-;-;-;-;-;-;-;-;-
..Gledanje spletne TV;2011;-;-;-;-;-;-;-;-;-;-;-;-
..Iskanje drugih informacij;2011;-;-;-;-;-;-;-;-;-;-;-;-
..Igranje ali prenašanje raèunalniških iger, fotografij, filmov, glasbe;2011;-;-;-;-;-;-;-;-;-;-;-;-
…Igranje spletnih iger z drugimi osebami;2011;-;-;-;-;-;-;-;-;-;-;-;-
..Izdelava spletnih strani ali blogov;2011;-;-;-;-;-;-;-;-;-;-;-;-
..Uporaba e-pošte za delitev datotek;2011;-;-;-;-;-;-;-;-;-;-;-;-
..Uporaba osebnih spletnih strani, blogov, spletnih družabnih omrežij za delitev datotek;2011;-;-;-;-;-;-;-;-;-;-;-;-
..Uporaba prostora za hrambo podatkov na internetu za delitev datotek;2011;-;-;-;-;-;-;-;-;-;-;-;-
..Uporaba zunanjih naprav za delitev datotek;2011;-;-;-;-;-;-;-;-;-;-;-;-
..Pošiljanje sporoèil v spletne klepetalnice, novièarske skupine, forume;2011;-;-;-;-;-;-;-;-;-;-;-;-
..Pošiljanje sporoèil v spletne klepetalnice;2011;-;-;-;-;-;-;-;-;-;-;-;-
..Pošiljanje sporoèil v novièarske skupine;2011;-;-;-;-;-;-;-;-;-;-;-;-
..Pošiljanje sporoèil v spletne forume;2011;280335;19680;168264;92391;160752;14616;99937;46199;119583;5063;68327;46193
..Branje spletnih forumov;2011;698774;61364;418695;218715;356486;34869;222135;99482;342288;26495;196560;119233
..Neposredno sporoèanje;2011;-;-;-;-;-;-;-;-;-;-;-;-
..Branje blogov;2011;-;-;-;-;-;-;-;-;-;-;-;-
..Pošiljanje komentarjev na druge bloge;2011;-;-;-;-;-;-;-;-;-;-;-;-
..Ustvarjanje in urejanje lastnega bloga;2011;-;-;-;-;-;-;-;-;-;-;-;-
..Uporaba spletnih strani e-uprave v zadnjih 3 mesecih;2011;-;-;-;-;-;-;-;-;-;-;-;-
...Uporaba spletnih strani e-uprave za pridobivanje informacij;2011;-;-;-;-;-;-;-;-;-;-;-;-
…Uporaba spletnih strani e-uprave za pridobivanje obrazcev;2011;-;-;-;-;-;-;-;-;-;-;-;-
…Uporaba spletnih strani e-uprave za vraèanje izpolnjenih obrazcev;2011;-;-;-;-;-;-;-;-;-;-;-;-
Posamezniki;2012;1570414;404840;872920;292655;795383;181393;480779;133211;775032;223447;392140;159444
Uporaba interneta v zadnjih 3 mesecih [redni uporabniki];2012;1073379;162373;634143;276864;560543;72858;360881;126804;512837;89515;273262;150060
..Pošiljanje ali prejemanje e-pošte;2012;901347;100685;537420;263241;483952;51143;311261;121548;417394;49542;226159;141693
..E-banèništvo;2012;440944;22853;239828;178263;261980;15189;159828;86963;178964;7664;80000;91300
..Iskanje informacij o blagu, storitvah;2012;918957;113488;545859;259610;491804;47566;323668;120569;427153;65922;222190;139041
…Uporaba pridobljenih informacij prek interneta o blagu, storitvah za nakup blaga, storitev;2012;-;-;-;-;-;-;-;-;-;-;-;-
…Uporaba pridobljenih informacij o blagu, storitvah za nakup preko interneta;2012;-;-;-;-;-;-;-;-;-;-;-;-
..Uporaba storitev, povezanih s potovanji in nastanitvijo;2012;490290;40118;271247;178925;254458;16994;153507;83956;235832;23124;117739;94969
..Branje spletni novic, spletnih èasopisov, spletnih revij;2012;744321;93071;428837;222413;394675;41753;248212;104711;349645;51318;180625;117702
...Naroèilo na spletne èasopisove, revije;2012;-;-;-;-;-;-;-;-;-;-;-;-
..Iskanje službe, pošiljanje prošenj za službo;2012;-;-;-;-;-;-;-;-;-;-;-;-
..Iskanje informacij, povezanih z zdravjem;2012;806543;99758;462734;244051;379158;35718;234384;109056;427386;64040;228350;134995
..E-naroèanje obiska pri zdravniku;2012;52468;3576;26018;22874;25244;2265;11699;11280;27224;1311;14319;11594
..Sodelovanje v spletnih družabnih omrežjih;2012;561585;102557;315774;143254;295658;50742;180574;64342;265927;51815;135200;78912
..Sodelovanje v profesionalnih spletnih omrežjih;2012;-;-;-;-;-;-;-;-;-;-;-;-
..Ustvarjanje ali urejanje lastnega profila v spletnih družabnih omrežjih;2012;-;-;-;-;-;-;-;-;-;-;-;-
..Telefoniranje ali video telefoniranje s spletno kamero prek interneta;2012;308890;52750;167242;88897;171963;24149;96819;50995;136926;28601;70424;37902
...Telefoniranje prek interneta;2012;-;-;-;-;-;-;-;-;-;-;-;-
…Video telefoniranje s spletno kamero prek interneta;2012;-;-;-;-;-;-;-;-;-;-;-;-
..Telefoniranje prek interneta, videokonferenca;2012;-;-;-;-;-;-;-;-;-;-;-;-
..Branje in objavljanje mnenj o politiènih temah;2012;-;-;-;-;-;-;-;-;-;-;-;-
..Sodelovanje v spletnih razpravah [tudi glasovanje] o politiènih temah;2012;-;-;-;-;-;-;-;-;-;-;-;-
..Uporaba prostora za hrambo podatkov na internetu za shranjevanje datotek;2012;-;-;-;-;-;-;-;-;-;-;-;-
..Prodaja blaga, storitev;2012;469390;55544;269315;144531;288611;33623;177514;77475;180779;21921;91801;67057
..Prenašanje programske opreme;2012;-;-;-;-;-;-;-;-;-;-;-;-
..Nalaganje lastnih vsebin na spletne strani;2012;357485;48427;204480;104579;212671;26808;126881;58982;144814;21618;77599;45597
..Pridobivanje znanja s pomoèjo spletnih enciklopedij;2012;673036;81627;364824;226585;358858;43366;211177;104314;314179;38260;153647;122271
…Objavljanje lastnih prispevkov v spletnih enciklopedijah;2012;45061;8887;19419;16755;25423;5604;8926;10894;19638;3283;10494;5861
..Nalaganje vsebin na spletno stran;2012;-;-;-;-;-;-;-;-;-;-;-;-
..Pridobivanje informacij o izobraževanju;2012;-;-;-;-;-;-;-;-;-;-;-;-
..Opravljanje teèaja prek interneta;2012;-;-;-;-;-;-;-;-;-;-;-;-
..Pridobivanje novih znanj, informacij;2012;-;-;-;-;-;-;-;-;-;-;-;-
..Uporaba interneta za izobraževanje in teèaje;2012;-;-;-;-;-;-;-;-;-;-;-;-
..Udeležba kakršnega koli teèaja;2012;-;-;-;-;-;-;-;-;-;-;-;-
…Izvajanje raziskovanj prek interneta v sklopu teèaja;2012;-;-;-;-;-;-;-;-;-;-;-;-
…Izmenjava sporoèil prek interneta v povezavi s teèajem;2012;-;-;-;-;-;-;-;-;-;-;-;-
…Prenos uènega gradiva za teèaj prek interneta;2012;-;-;-;-;-;-;-;-;-;-;-;-
…Preverjanje dosegljivost knjig ali èlankov prek interneta za teèaj;2012;-;-;-;-;-;-;-;-;-;-;-;-
..Poslušanje spletnih radijskih postaj ali gledanje spletne TV;2012;628726;90729;365887;172110;343809;43880;215719;84210;284916;46848;150168;87900
..Poslušanje spletnih radijskih postaj;2012;467702;71593;265803;130306;252959;34736;154284;63939;214743;36857;111519;66367
..Gledanje spletne TV;2012;418471;62955;247305;108212;234210;28249;149430;56531;184261;34706;97875;51680
..Iskanje drugih informacij;2012;-;-;-;-;-;-;-;-;-;-;-;-
..Igranje ali prenašanje raèunalniških iger, fotografij, filmov, glasbe;2012;539291;93531;315319;130441;315661;46916;197316;71428;223630;46615;118003;59012
…Igranje spletnih iger z drugimi osebami;2012;157562;35504;93919;28138;110876;29721;64019;17137;46686;5784;29900;11002
..Izdelava spletnih strani ali blogov;2012;72764;13285;35917;23561;56148;8753;28635;18760;16616;4532;7283;4801
..Uporaba e-pošte za delitev datotek;2012;-;-;-;-;-;-;-;-;-;-;-;-
..Uporaba osebnih spletnih strani, blogov, spletnih družabnih omrežij za delitev datotek;2012;-;-;-;-;-;-;-;-;-;-;-;-
..Uporaba prostora za hrambo podatkov na internetu za delitev datotek;2012;-;-;-;-;-;-;-;-;-;-;-;-
..Uporaba zunanjih naprav za delitev datotek;2012;-;-;-;-;-;-;-;-;-;-;-;-
..Pošiljanje sporoèil v spletne klepetalnice, novièarske skupine, forume;2012;-;-;-;-;-;-;-;-;-;-;-;-
..Pošiljanje sporoèil v spletne klepetalnice;2012;114854;14426;64854;35575;69614;7917;42844;18853;45241;6509;22010;16722
..Pošiljanje sporoèil v novièarske skupine;2012;50271;3895;26695;19681;32262;827;17917;13518;18009;3068;8778;6163
..Pošiljanje sporoèil v spletne forume;2012;292500;35968;163653;92879;185657;25291;106015;54351;106843;10677;57638;38527
..Branje spletnih forumov;2012;729907;89719;422076;218112;394143;48845;241657;103641;335764;40874;180418;114471
..Neposredno sporoèanje;2012;365958;57768;210272;97918;201593;28596;121688;51309;164364;29172;88584;46609
..Branje blogov;2012;-;-;-;-;-;-;-;-;-;-;-;-
..Pošiljanje komentarjev na druge bloge;2012;185293;37198;94602;53493;112849;22128;56938;33783;72444;15070;37664;19710
..Ustvarjanje in urejanje lastnega bloga;2012;-;-;-;-;-;-;-;-;-;-;-;-
..Uporaba spletnih strani e-uprave v zadnjih 3 mesecih;2012;-;-;-;-;-;-;-;-;-;-;-;-
...Uporaba spletnih strani e-uprave za pridobivanje informacij;2012;-;-;-;-;-;-;-;-;-;-;-;-
…Uporaba spletnih strani e-uprave za pridobivanje obrazcev;2012;-;-;-;-;-;-;-;-;-;-;-;-
…Uporaba spletnih strani e-uprave za vraèanje izpolnjenih obrazcev;2012;-;-;-;-;-;-;-;-;-;-;-;-
Posamezniki;2013;1566491;383602;867612;315277;793559;176952;476164;140444;772932;206651;391448;174833
Uporaba interneta v zadnjih 3 mesecih [redni uporabniki];2013;1138457;155066;677972;305419;586919;79244;371033;136641;551538;75822;306939;168777
..Pošiljanje ali prejemanje e-pošte;2013;982565;114322;572694;295549;498641;58189;308762;131690;483924;56133;263933;163859
..E-banèništvo;2013;506205;26840;280831;198534;271170;12952;161381;96837;235035;13889;119450;101697
..Iskanje informacij o blagu, storitvah;2013;857805;97955;494782;265068;464420;54697;285643;124080;393384;43258;209139;140988
…Uporaba pridobljenih informacij prek interneta o blagu, storitvah za nakup blaga, storitev;2013;-;-;-;-;-;-;-;-;-;-;-;-
…Uporaba pridobljenih informacij o blagu, storitvah za nakup preko interneta;2013;-;-;-;-;-;-;-;-;-;-;-;-
..Uporaba storitev, povezanih s potovanji in nastanitvijo;2013;528393;42330;296580;189483;259183;16831;157451;84901;269210;25499;139129;104582
..Branje spletni novic, spletnih èasopisov, spletnih revij;2013;898762;105159;530430;263173;480931;55422;301710;123798;417831;49737;228720;139374
...Naroèilo na spletne èasopisove, revije;2013;78726;7090;36870;34766;43894;4146;24197;15551;34832;2943;12673;19216
..Iskanje službe, pošiljanje prošenj za službo;2013;247657;30576;137696;79385;114696;18770;68783;27144;132960;11806;68913;52241
..Iskanje informacij, povezanih z zdravjem;2013;784311;87572;450701;246038;350971;35213;215501;100257;433340;52359;235200;145781
..E-naroèanje obiska pri zdravniku;2013;-;-;-;-;-;-;-;-;-;-;-;-
..Sodelovanje v spletnih družabnih omrežjih;2013;599682;104052;337617;158013;309910;54883;181193;73834;289772;49169;156424;84179
..Sodelovanje v profesionalnih spletnih omrežjih;2013;68914;3350;22678;42885;36858;2489;12522;21848;32055;861;10157;21038
..Ustvarjanje ali urejanje lastnega profila v spletnih družabnih omrežjih;2013;-;-;-;-;-;-;-;-;-;-;-;-
..Telefoniranje ali video telefoniranje s spletno kamero prek interneta;2013;400375;57186;207874;135315;215475;27506;116201;71768;184900;29680;91673;63548
...Telefoniranje prek interneta;2013;-;-;-;-;-;-;-;-;-;-;-;-
…Video telefoniranje s spletno kamero prek interneta;2013;-;-;-;-;-;-;-;-;-;-;-;-
..Telefoniranje prek interneta, videokonferenca;2013;-;-;-;-;-;-;-;-;-;-;-;-
..Branje in objavljanje mnenj o politiènih temah;2013;130354;19324;69987;41044;75796;6618;46589;22589;54558;12706;23398;18455
..Sodelovanje v spletnih razpravah [tudi glasovanje] o politiènih temah;2013;119126;4573;60247;54306;61138;3377;32959;24802;57987;1196;27287;29503
..Uporaba prostora za hrambo podatkov na internetu za shranjevanje datotek;2013;-;-;-;-;-;-;-;-;-;-;-;-
..Prodaja blaga, storitev;2013;549099;63615;330094;155390;322891;37859;209566;75466;226208;25756;120529;79924
..Prenašanje programske opreme;2013;316139;58697;148498;108945;211924;37240;107256;67427;104215;21456;41241;41518
..Nalaganje lastnih vsebin na spletne strani;2013;-;-;-;-;-;-;-;-;-;-;-;-
..Pridobivanje znanja s pomoèjo spletnih enciklopedij;2013;626502;86593;309500;230410;326300;45873;171958;108468;300203;40720;137541;121942
…Objavljanje lastnih prispevkov v spletnih enciklopedijah;2013;-;-;-;-;-;-;-;-;-;-;-;-
..Nalaganje vsebin na spletno stran;2013;-;-;-;-;-;-;-;-;-;-;-;-
..Pridobivanje informacij o izobraževanju;2013;496640;57513;259499;179629;229038;25624;129596;73818;267602;31888;129903;105811
..Opravljanje teèaja prek interneta;2013;59399;10809;21449;27142;33230;4853;14235;14142;26170;5956;7214;13000
..Pridobivanje novih znanj, informacij;2013;-;-;-;-;-;-;-;-;-;-;-;-
..Uporaba interneta za izobraževanje in teèaje;2013;-;-;-;-;-;-;-;-;-;-;-;-
..Udeležba kakršnega koli teèaja;2013;-;-;-;-;-;-;-;-;-;-;-;-
…Izvajanje raziskovanj prek interneta v sklopu teèaja;2013;-;-;-;-;-;-;-;-;-;-;-;-
…Izmenjava sporoèil prek interneta v povezavi s teèajem;2013;-;-;-;-;-;-;-;-;-;-;-;-
…Prenos uènega gradiva za teèaj prek interneta;2013;-;-;-;-;-;-;-;-;-;-;-;-
…Preverjanje dosegljivost knjig ali èlankov prek interneta za teèaj;2013;-;-;-;-;-;-;-;-;-;-;-;-
..Poslušanje spletnih radijskih postaj ali gledanje spletne TV;2013;-;-;-;-;-;-;-;-;-;-;-;-
..Poslušanje spletnih radijskih postaj;2013;-;-;-;-;-;-;-;-;-;-;-;-
..Gledanje spletne TV;2013;-;-;-;-;-;-;-;-;-;-;-;-
..Iskanje drugih informacij;2013;-;-;-;-;-;-;-;-;-;-;-;-
..Igranje ali prenašanje raèunalniških iger, fotografij, filmov, glasbe;2013;-;-;-;-;-;-;-;-;-;-;-;-
…Igranje spletnih iger z drugimi osebami;2013;-;-;-;-;-;-;-;-;-;-;-;-
..Izdelava spletnih strani ali blogov;2013;-;-;-;-;-;-;-;-;-;-;-;-
..Uporaba e-pošte za delitev datotek;2013;-;-;-;-;-;-;-;-;-;-;-;-
..Uporaba osebnih spletnih strani, blogov, spletnih družabnih omrežij za delitev datotek;2013;-;-;-;-;-;-;-;-;-;-;-;-
..Uporaba prostora za hrambo podatkov na internetu za delitev datotek;2013;-;-;-;-;-;-;-;-;-;-;-;-
..Uporaba zunanjih naprav za delitev datotek;2013;-;-;-;-;-;-;-;-;-;-;-;-
..Pošiljanje sporoèil v spletne klepetalnice, novièarske skupine, forume;2013;-;-;-;-;-;-;-;-;-;-;-;-
..Pošiljanje sporoèil v spletne klepetalnice;2013;-;-;-;-;-;-;-;-;-;-;-;-
..Pošiljanje sporoèil v novièarske skupine;2013;-;-;-;-;-;-;-;-;-;-;-;-
..Pošiljanje sporoèil v spletne forume;2013;-;-;-;-;-;-;-;-;-;-;-;-
..Branje spletnih forumov;2013;-;-;-;-;-;-;-;-;-;-;-;-
..Neposredno sporoèanje;2013;-;-;-;-;-;-;-;-;-;-;-;-
..Branje blogov;2013;-;-;-;-;-;-;-;-;-;-;-;-
..Pošiljanje komentarjev na druge bloge;2013;-;-;-;-;-;-;-;-;-;-;-;-
..Ustvarjanje in urejanje lastnega bloga;2013;-;-;-;-;-;-;-;-;-;-;-;-
..Uporaba spletnih strani e-uprave v zadnjih 3 mesecih;2013;-;-;-;-;-;-;-;-;-;-;-;-
...Uporaba spletnih strani e-uprave za pridobivanje informacij;2013;-;-;-;-;-;-;-;-;-;-;-;-
…Uporaba spletnih strani e-uprave za pridobivanje obrazcev;2013;-;-;-;-;-;-;-;-;-;-;-;-
…Uporaba spletnih strani e-uprave za vraèanje izpolnjenih obrazcev;2013;-;-;-;-;-;-;-;-;-;-;-;-
Posamezniki;2014;1561751;369859;867964;323928;791572;164420;485186;141966;770179;205439;382778;181962
Uporaba interneta v zadnjih 3 mesecih [redni uporabniki];2014;1117999;136632;671442;309924;564800;58910;371546;134344;553199;77722;299897;175580
..Pošiljanje ali prejemanje e-pošte;2014;973942;97395;574569;301977;487264;42664;314105;130495;486678;54731;260464;171483
..E-banèništvo;2014;504143;19396;267470;217277;260838;10659;157015;93163;243305;8737;110455;124114
..Iskanje informacij o blagu, storitvah;2014;969576;95103;581839;292634;498432;44791;324616;129026;471144;50312;257223;163608
…Uporaba pridobljenih informacij prek interneta o blagu, storitvah za nakup blaga, storitev;2014;-;-;-;-;-;-;-;-;-;-;-;-
…Uporaba pridobljenih informacij o blagu, storitvah za nakup preko interneta;2014;-;-;-;-;-;-;-;-;-;-;-;-
..Uporaba storitev, povezanih s potovanji in nastanitvijo;2014;437267;19158;228186;189923;228034;8093;133123;86818;209233;11065;95063;103105
..Branje spletni novic, spletnih èasopisov, spletnih revij;2014;912680;107245;535064;270371;458448;45110;292880;120457;454232;62135;242184;149914
...Naroèilo na spletne èasopisove, revije;2014;-;-;-;-;-;-;-;-;-;-;-;-
..Iskanje službe, pošiljanje prošenj za službo;2014;-;-;-;-;-;-;-;-;-;-;-;-
..Iskanje informacij, povezanih z zdravjem;2014;-;-;-;-;-;-;-;-;-;-;-;-
..E-naroèanje obiska pri zdravniku;2014;101031;4871;50227;45933;35932;1538;22155;12239;65099;3333;28072;33694
..Sodelovanje v spletnih družabnih omrežjih;2014;653076;96900;389206;166970;316765;39825;209854;67085;336312;57075;179351;99885
..Sodelovanje v profesionalnih spletnih omrežjih;2014;-;-;-;-;-;-;-;-;-;-;-;-
..Ustvarjanje ali urejanje lastnega profila v spletnih družabnih omrežjih;2014;-;-;-;-;-;-;-;-;-;-;-;-
..Telefoniranje ali video telefoniranje s spletno kamero prek interneta;2014;460005;45423;263380;151202;240920;19904;158078;62937;219085;25519;105301;88265
...Telefoniranje prek interneta;2014;-;-;-;-;-;-;-;-;-;-;-;-
…Video telefoniranje s spletno kamero prek interneta;2014;-;-;-;-;-;-;-;-;-;-;-;-
..Telefoniranje prek interneta, videokonferenca;2014;-;-;-;-;-;-;-;-;-;-;-;-
..Branje in objavljanje mnenj o politiènih temah;2014;-;-;-;-;-;-;-;-;-;-;-;-
..Sodelovanje v spletnih razpravah [tudi glasovanje] o politiènih temah;2014;-;-;-;-;-;-;-;-;-;-;-;-
..Uporaba prostora za hrambo podatkov na internetu za shranjevanje datotek;2014;282900;35110;136549;111241;151706;16003;84617;51086;131194;19107;51932;60155
..Prodaja blaga, storitev;2014;450142;37115;278824;134203;269811;18061;189391;62358;180331;19054;89433;71844
..Prenašanje programske opreme;2014;-;-;-;-;-;-;-;-;-;-;-;-
..Nalaganje lastnih vsebin na spletne strani;2014;422501;60359;233932;128210;223218;24240;139253;59725;199282;36119;94679;68485
..Pridobivanje znanja s pomoèjo spletnih enciklopedij;2014;-;-;-;-;-;-;-;-;-;-;-;-
…Objavljanje lastnih prispevkov v spletnih enciklopedijah;2014;-;-;-;-;-;-;-;-;-;-;-;-
..Nalaganje vsebin na spletno stran;2014;-;-;-;-;-;-;-;-;-;-;-;-
..Pridobivanje informacij o izobraževanju;2014;-;-;-;-;-;-;-;-;-;-;-;-
..Opravljanje teèaja prek interneta;2014;-;-;-;-;-;-;-;-;-;-;-;-
..Pridobivanje novih znanj, informacij;2014;-;-;-;-;-;-;-;-;-;-;-;-
..Uporaba interneta za izobraževanje in teèaje;2014;-;-;-;-;-;-;-;-;-;-;-;-
..Udeležba kakršnega koli teèaja;2014;-;-;-;-;-;-;-;-;-;-;-;-
…Izvajanje raziskovanj prek interneta v sklopu teèaja;2014;-;-;-;-;-;-;-;-;-;-;-;-
…Izmenjava sporoèil prek interneta v povezavi s teèajem;2014;-;-;-;-;-;-;-;-;-;-;-;-
…Prenos uènega gradiva za teèaj prek interneta;2014;-;-;-;-;-;-;-;-;-;-;-;-
…Preverjanje dosegljivost knjig ali èlankov prek interneta za teèaj;2014;-;-;-;-;-;-;-;-;-;-;-;-
..Poslušanje spletnih radijskih postaj ali gledanje spletne TV;2014;-;-;-;-;-;-;-;-;-;-;-;-
..Poslušanje spletnih radijskih postaj;2014;467875;56092;282234;129549;247822;20691;164612;62519;220053;35400;117623;67030
..Gledanje spletne TV;2014;-;-;-;-;-;-;-;-;-;-;-;-
..Iskanje drugih informacij;2014;-;-;-;-;-;-;-;-;-;-;-;-
..Igranje ali prenašanje raèunalniških iger, fotografij, filmov, glasbe;2014;525338;72629;307132;145577;279148;32270;176948;69930;246190;40359;130184;75647
…Igranje spletnih iger z drugimi osebami;2014;111001;20083;73241;17677;71804;14298;47723;9784;39197;5785;25519;7893
..Izdelava spletnih strani ali blogov;2014;85037;11246;38228;35564;50641;2300;27048;21293;34396;8946;11180;14271
..Uporaba e-pošte za delitev datotek;2014;792566;76443;452809;263313;390791;32720;250622;107449;401775;43723;202187;155864
..Uporaba osebnih spletnih strani, blogov, spletnih družabnih omrežij za delitev datotek;2014;469406;79145;273056;117206;220864;31772;141739;47353;248542;47372;131317;69853
..Uporaba prostora za hrambo podatkov na internetu za delitev datotek;2014;223510;28931;102480;92100;119345;13133;66473;39739;104166;15798;36007;52361
..Uporaba zunanjih naprav za delitev datotek;2014;672444;62209;390532;219703;359771;30262;227474;102035;312673;31948;163057;117668
..Pošiljanje sporoèil v spletne klepetalnice, novièarske skupine, forume;2014;-;-;-;-;-;-;-;-;-;-;-;-
..Pošiljanje sporoèil v spletne klepetalnice;2014;-;-;-;-;-;-;-;-;-;-;-;-
..Pošiljanje sporoèil v novièarske skupine;2014;-;-;-;-;-;-;-;-;-;-;-;-
..Pošiljanje sporoèil v spletne forume;2014;-;-;-;-;-;-;-;-;-;-;-;-
..Branje spletnih forumov;2014;-;-;-;-;-;-;-;-;-;-;-;-
..Neposredno sporoèanje;2014;-;-;-;-;-;-;-;-;-;-;-;-
..Branje blogov;2014;-;-;-;-;-;-;-;-;-;-;-;-
..Pošiljanje komentarjev na druge bloge;2014;-;-;-;-;-;-;-;-;-;-;-;-
..Ustvarjanje in urejanje lastnega bloga;2014;-;-;-;-;-;-;-;-;-;-;-;-
..Uporaba spletnih strani e-uprave v zadnjih 3 mesecih;2014;-;-;-;-;-;-;-;-;-;-;-;-
...Uporaba spletnih strani e-uprave za pridobivanje informacij;2014;-;-;-;-;-;-;-;-;-;-;-;-
…Uporaba spletnih strani e-uprave za pridobivanje obrazcev;2014;-;-;-;-;-;-;-;-;-;-;-;-
…Uporaba spletnih strani e-uprave za vraèanje izpolnjenih obrazcev;2014;-;-;-;-;-;-;-;-;-;-;-;-
