NAMEN UPORABE INTERNETA;LETO;Število posameznikov – SKUPAJ;16–24;25–34;35–44;45–54;55–64;65–74;Moški – SKUPAJ;Moški 16–24;Moški 25–54;Moški 55–74;Ženske – SKUPAJ;Ženske 16–24;Ženske 25–54;Ženske 55–74
Posamezniki;2007;1562212;222328;303791;307482;313726;231679;183204;782467;115115;473487;193865;779745;107213;451513;221019
Uporaba interneta v zadnjih 3 mesecih [redni uporabniki];2007;832635;198164;243630;198472;133779;45894;12697;426638;100539;292366;33733;405997;97625;283514;24858
..Pošiljanje ali prejemanje e-pošte;2007;694290;175458;205092;164695;104002;35661;9381;355983;93719;233535;28728;338307;81739;240254;16314
..E-banèništvo;2007;298911;36006;92360;84076;59048;22780;4641;156447;20921;116319;19206;142464;15084;119165;8215
..Iskanje informacij o blagu, storitvah;2007;732891;167595;226585;180965;111034;37416;9297;378490;88413;261616;28461;354401;79182;256968;18252
…Uporaba pridobljenih informacij prek interneta o blagu, storitvah za nakup blaga, storitev;2007;-;-;-;-;-;-;-;-;-;-;-;-;-;-;-
…Uporaba pridobljenih informacij o blagu, storitvah za nakup preko interneta;2007;-;-;-;-;-;-;-;-;-;-;-;-;-;-;-
..Uporaba storitev, povezanih s potovanji in nastanitvijo;2007;409041;84990;130466;96150;70936;17395;9104;194555;42496;133037;19023;214486;42494;164516;7477
..Branje spletni novic, spletnih èasopisov, spletnih revij;2007;366539;80595;112142;90383;60293;17726;5399;179592;38987;124054;16551;186946;41607;138765;6574
...Naroèilo na spletne èasopisove, revije;2007;66086;8100;18348;21775;14510;3353;-;32123;4006;25793;2324;33963;4094;28840;1029
..Iskanje službe, pošiljanje prošenj za službo;2007;177921;49196;77121;36582;14409;612;-;91164;22324;68229;612;86757;26873;59884;-
..Iskanje informacij, povezanih z zdravjem;2007;408285;73892;125550;113221;63897;25243;6483;180975;32699;133810;14466;227311;41193;168858;17260
..E-naroèanje obiska pri zdravniku;2007;-;-;-;-;-;-;-;-;-;-;-;-;-;-;-
..Sodelovanje v spletnih družabnih omrežjih;2007;-;-;-;-;-;-;-;-;-;-;-;-;-;-;-
..Sodelovanje v profesionalnih spletnih omrežjih;2007;-;-;-;-;-;-;-;-;-;-;-;-;-;-;-
..Ustvarjanje ali urejanje lastnega profila v spletnih družabnih omrežjih;2007;-;-;-;-;-;-;-;-;-;-;-;-;-;-;-
..Telefoniranje ali video telefoniranje s spletno kamero prek interneta;2007;-;-;-;-;-;-;-;-;-;-;-;-;-;-;-
...Telefoniranje prek interneta;2007;-;-;-;-;-;-;-;-;-;-;-;-;-;-;-
…Video telefoniranje s spletno kamero prek interneta;2007;-;-;-;-;-;-;-;-;-;-;-;-;-;-;-
..Telefoniranje prek interneta, videokonferenca;2007;136735;40171;46144;23263;20695;5499;963;83867;22675;57059;4133;52869;17497;33043;2329
..Branje in objavljanje mnenj o politiènih temah;2007;-;-;-;-;-;-;-;-;-;-;-;-;-;-;-
..Sodelovanje v spletnih razpravah [tudi glasovanje] o politiènih temah;2007;-;-;-;-;-;-;-;-;-;-;-;-;-;-;-
..Uporaba prostora za hrambo podatkov na internetu za shranjevanje datotek;2007;-;-;-;-;-;-;-;-;-;-;-;-;-;-;-
..Prodaja blaga, storitev;2007;146240;32402;52654;37116;17187;4979;1901;91416;20024;64862;6530;54824;12379;42095;350
..Prenašanje programske opreme;2007;292115;101937;93745;54467;31552;10415;-;189697;70753;112969;5975;102418;31183;66794;4440
..Nalaganje lastnih vsebin na spletne strani;2007;-;-;-;-;-;-;-;-;-;-;-;-;-;-;-
..Pridobivanje znanja s pomoèjo spletnih enciklopedij;2007;-;-;-;-;-;-;-;-;-;-;-;-;-;-;-
…Objavljanje lastnih prispevkov v spletnih enciklopedijah;2007;-;-;-;-;-;-;-;-;-;-;-;-;-;-;-
..Nalaganje vsebin na spletno stran;2007;-;-;-;-;-;-;-;-;-;-;-;-;-;-;-
..Pridobivanje informacij o izobraževanju;2007;274334;83381;90903;57765;33223;7021;2041;133907;38831;89255;5821;140427;44550;92636;3241
..Opravljanje teèaja prek interneta;2007;30846;6963;8658;10133;4252;839;-;19375;3919;14617;839;11471;3045;8427;-
..Pridobivanje novih znanj, informacij;2007;371033;108003;104112;83945;56576;16503;1894;182236;50319;121001;10916;188797;57684;123632;7481
..Uporaba interneta za izobraževanje in teèaje;2007;431966;116349;132819;99159;61580;18124;3935;212017;53716;144202;14099;219949;62634;149356;7959
..Udeležba kakršnega koli teèaja;2007;161947;48612;39393;47068;22735;4139;-;73888;19608;51477;2803;88059;29004;57719;1336
…Izvajanje raziskovanj prek interneta v sklopu teèaja;2007;83818;27662;26581;19610;8937;1027;-;38150;9624;27833;693;45668;18038;27295;335
…Izmenjava sporoèil prek interneta v povezavi s teèajem;2007;61805;20375;18278;12296;10163;693;-;29229;7359;21177;693;32577;13016;19561;-
…Prenos uènega gradiva za teèaj prek interneta;2007;101098;32263;28863;24106;13593;2272;-;48398;11867;34593;1937;52700;20396;31969;335
…Preverjanje dosegljivost knjig ali èlankov prek interneta za teèaj;2007;71599;21147;16881;20245;12539;787;-;34437;8576;25408;453;37162;12571;24257;335
..Poslušanje spletnih radijskih postaj ali gledanje spletne TV;2007;352152;102954;112505;71780;52095;9840;2978;199494;59119;131920;8455;152657;43835;104459;4363
..Poslušanje spletnih radijskih postaj;2007;271796;81827;95818;52154;34623;5870;1505;161306;51718;104214;5375;110490;30109;78381;2000
..Gledanje spletne TV;2007;243898;59782;72834;56876;42818;8610;2978;141607;30823;103558;7225;102291;28958;68970;4363
..Iskanje drugih informacij;2007;736808;181837;221027;177643;107253;37998;11052;372632;90968;253229;28435;364176;90869;252693;20615
..Igranje ali prenašanje raèunalniških iger, fotografij, filmov, glasbe;2007;-;-;-;-;-;-;-;-;-;-;-;-;-;-;-
…Igranje spletnih iger z drugimi osebami;2007;-;-;-;-;-;-;-;-;-;-;-;-;-;-;-
..Izdelava spletnih strani ali blogov;2007;-;-;-;-;-;-;-;-;-;-;-;-;-;-;-
..Uporaba e-pošte za delitev datotek;2007;-;-;-;-;-;-;-;-;-;-;-;-;-;-;-
..Uporaba osebnih spletnih strani, blogov, spletnih družabnih omrežij za delitev datotek;2007;-;-;-;-;-;-;-;-;-;-;-;-;-;-;-
..Uporaba prostora za hrambo podatkov na internetu za delitev datotek;2007;-;-;-;-;-;-;-;-;-;-;-;-;-;-;-
..Uporaba zunanjih naprav za delitev datotek;2007;-;-;-;-;-;-;-;-;-;-;-;-;-;-;-
..Pošiljanje sporoèil v spletne klepetalnice, novièarske skupine, forume;2007;-;-;-;-;-;-;-;-;-;-;-;-;-;-;-
..Pošiljanje sporoèil v spletne klepetalnice;2007;-;-;-;-;-;-;-;-;-;-;-;-;-;-;-
..Pošiljanje sporoèil v novièarske skupine;2007;-;-;-;-;-;-;-;-;-;-;-;-;-;-;-
..Pošiljanje sporoèil v spletne forume;2007;-;-;-;-;-;-;-;-;-;-;-;-;-;-;-
..Branje spletnih forumov;2007;-;-;-;-;-;-;-;-;-;-;-;-;-;-;-
..Neposredno sporoèanje;2007;-;-;-;-;-;-;-;-;-;-;-;-;-;-;-
..Branje blogov;2007;-;-;-;-;-;-;-;-;-;-;-;-;-;-;-
..Pošiljanje komentarjev na druge bloge;2007;-;-;-;-;-;-;-;-;-;-;-;-;-;-;-
..Ustvarjanje in urejanje lastnega bloga;2007;-;-;-;-;-;-;-;-;-;-;-;-;-;-;-
..Uporaba spletnih strani e-uprave v zadnjih 3 mesecih;2007;467959;114115;128149;116580;80304;21841;6970;223732;55431;151090;17211;244227;58684;173943;11600
...Uporaba spletnih strani e-uprave za pridobivanje informacij;2007;438283;111811;119547;106079;75835;19039;5972;212966;54493;143260;15213;225316;57317;158201;9798
…Uporaba spletnih strani e-uprave za pridobivanje obrazcev;2007;241293;32451;78138;67044;44910;15676;3073;112535;11769;88830;11937;128758;20682;101263;6813
…Uporaba spletnih strani e-uprave za vraèanje izpolnjenih obrazcev;2007;99132;13485;29354;23410;23940;7945;998;50144;6341;38168;5635;48988;7143;38536;3308
Posamezniki;2008;1588357;216352;311927;308802;317385;247152;186739;805094;114139;485252;205703;783262;102212;452861;228189
Uporaba interneta v zadnjih 3 mesecih [redni uporabniki];2008;887276;202587;262168;218943;129477;66091;8010;461157;104141;314682;42334;426119;98446;295906;31766
..Pošiljanje ali prejemanje e-pošte;2008;744060;181206;225377;180010;100571;51298;5598;383323;91948;257795;33580;360737;89258;248163;23316
..E-banèništvo;2008;333196;41660;117376;105626;40770;24382;3382;161140;22929;121875;16335;172056;18730;141897;11429
..Iskanje informacij o blagu, storitvah;2008;767671;172326;237411;185800;110930;54040;7164;400714;88254;277176;35284;366957;84072;256964;25920
…Uporaba pridobljenih informacij prek interneta o blagu, storitvah za nakup blaga, storitev;2008;-;-;-;-;-;-;-;-;-;-;-;-;-;-;-
…Uporaba pridobljenih informacij o blagu, storitvah za nakup preko interneta;2008;-;-;-;-;-;-;-;-;-;-;-;-;-;-;-
..Uporaba storitev, povezanih s potovanji in nastanitvijo;2008;413162;84944;132051;115656;53601;25426;1485;202106;38972;149995;13139;211056;45972;151312;13772
..Branje spletni novic, spletnih èasopisov, spletnih revij;2008;534540;123050;171396;125427;69981;40172;4515;282652;64533;193490;24630;251888;58517;173314;20057
...Naroèilo na spletne èasopisove, revije;2008;91524;21425;25402;22183;10026;10762;1726;53292;17409;28601;7282;38231;4016;29010;5206
..Iskanje službe, pošiljanje prošenj za službo;2008;154714;49302;74535;23104;5742;2032;-;83073;29014;52812;1247;71641;20288;50569;784
..Iskanje informacij, povezanih z zdravjem;2008;435280;77569;136770;121769;61427;33839;3906;192959;34609;141614;16736;242320;42960;178352;21009
..E-naroèanje obiska pri zdravniku;2008;-;-;-;-;-;-;-;-;-;-;-;-;-;-;-
..Sodelovanje v spletnih družabnih omrežjih;2008;-;-;-;-;-;-;-;-;-;-;-;-;-;-;-
..Sodelovanje v profesionalnih spletnih omrežjih;2008;-;-;-;-;-;-;-;-;-;-;-;-;-;-;-
..Ustvarjanje ali urejanje lastnega profila v spletnih družabnih omrežjih;2008;-;-;-;-;-;-;-;-;-;-;-;-;-;-;-
..Telefoniranje ali video telefoniranje s spletno kamero prek interneta;2008;-;-;-;-;-;-;-;-;-;-;-;-;-;-;-
...Telefoniranje prek interneta;2008;-;-;-;-;-;-;-;-;-;-;-;-;-;-;-
…Video telefoniranje s spletno kamero prek interneta;2008;-;-;-;-;-;-;-;-;-;-;-;-;-;-;-
..Telefoniranje prek interneta, videokonferenca;2008;-;-;-;-;-;-;-;-;-;-;-;-;-;-;-
..Branje in objavljanje mnenj o politiènih temah;2008;-;-;-;-;-;-;-;-;-;-;-;-;-;-;-
..Sodelovanje v spletnih razpravah [tudi glasovanje] o politiènih temah;2008;-;-;-;-;-;-;-;-;-;-;-;-;-;-;-
..Uporaba prostora za hrambo podatkov na internetu za shranjevanje datotek;2008;-;-;-;-;-;-;-;-;-;-;-;-;-;-;-
..Prodaja blaga, storitev;2008;276890;73443;98129;72274;24852;8191;-;169641;49441;115356;4844;107249;24002;79900;3347
..Prenašanje programske opreme;2008;302182;104691;119279;48215;20207;8945;846;202361;69177;127860;5324;99822;35515;59840;4467
..Nalaganje lastnih vsebin na spletne strani;2008;-;-;-;-;-;-;-;-;-;-;-;-;-;-;-
..Pridobivanje znanja s pomoèjo spletnih enciklopedij;2008;-;-;-;-;-;-;-;-;-;-;-;-;-;-;-
…Objavljanje lastnih prispevkov v spletnih enciklopedijah;2008;-;-;-;-;-;-;-;-;-;-;-;-;-;-;-
..Nalaganje vsebin na spletno stran;2008;-;-;-;-;-;-;-;-;-;-;-;-;-;-;-
..Pridobivanje informacij o izobraževanju;2008;357170;100343;117375;88242;32530;15602;3078;174444;51722;113813;8910;182725;48620;124334;9770
..Opravljanje teèaja prek interneta;2008;46470;13227;15117;8246;7584;2296;-;26439;5212;20342;885;20031;8016;10605;1411
..Pridobivanje novih znanj, informacij;2008;495540;138674;153097;118809;56876;25390;2695;245455;67364;163073;15017;250085;71309;165709;13067
..Uporaba interneta za izobraževanje in teèaje;2008;575147;158182;178516;137218;69102;28206;3924;285883;77633;190632;17618;289264;80549;194204;14511
..Udeležba kakršnega koli teèaja;2008;-;-;-;-;-;-;-;-;-;-;-;-;-;-;-
…Izvajanje raziskovanj prek interneta v sklopu teèaja;2008;-;-;-;-;-;-;-;-;-;-;-;-;-;-;-
…Izmenjava sporoèil prek interneta v povezavi s teèajem;2008;-;-;-;-;-;-;-;-;-;-;-;-;-;-;-
…Prenos uènega gradiva za teèaj prek interneta;2008;-;-;-;-;-;-;-;-;-;-;-;-;-;-;-
…Preverjanje dosegljivost knjig ali èlankov prek interneta za teèaj;2008;-;-;-;-;-;-;-;-;-;-;-;-;-;-;-
..Poslušanje spletnih radijskih postaj ali gledanje spletne TV;2008;-;-;-;-;-;-;-;-;-;-;-;-;-;-;-
..Poslušanje spletnih radijskih postaj;2008;-;-;-;-;-;-;-;-;-;-;-;-;-;-;-
..Gledanje spletne TV;2008;-;-;-;-;-;-;-;-;-;-;-;-;-;-;-
..Iskanje drugih informacij;2008;-;-;-;-;-;-;-;-;-;-;-;-;-;-;-
..Igranje ali prenašanje raèunalniških iger, fotografij, filmov, glasbe;2008;-;-;-;-;-;-;-;-;-;-;-;-;-;-;-
…Igranje spletnih iger z drugimi osebami;2008;-;-;-;-;-;-;-;-;-;-;-;-;-;-;-
..Izdelava spletnih strani ali blogov;2008;-;-;-;-;-;-;-;-;-;-;-;-;-;-;-
..Uporaba e-pošte za delitev datotek;2008;-;-;-;-;-;-;-;-;-;-;-;-;-;-;-
..Uporaba osebnih spletnih strani, blogov, spletnih družabnih omrežij za delitev datotek;2008;-;-;-;-;-;-;-;-;-;-;-;-;-;-;-
..Uporaba prostora za hrambo podatkov na internetu za delitev datotek;2008;-;-;-;-;-;-;-;-;-;-;-;-;-;-;-
..Uporaba zunanjih naprav za delitev datotek;2008;-;-;-;-;-;-;-;-;-;-;-;-;-;-;-
..Pošiljanje sporoèil v spletne klepetalnice, novièarske skupine, forume;2008;-;-;-;-;-;-;-;-;-;-;-;-;-;-;-
..Pošiljanje sporoèil v spletne klepetalnice;2008;-;-;-;-;-;-;-;-;-;-;-;-;-;-;-
..Pošiljanje sporoèil v novièarske skupine;2008;-;-;-;-;-;-;-;-;-;-;-;-;-;-;-
..Pošiljanje sporoèil v spletne forume;2008;-;-;-;-;-;-;-;-;-;-;-;-;-;-;-
..Branje spletnih forumov;2008;-;-;-;-;-;-;-;-;-;-;-;-;-;-;-
..Neposredno sporoèanje;2008;-;-;-;-;-;-;-;-;-;-;-;-;-;-;-
..Branje blogov;2008;-;-;-;-;-;-;-;-;-;-;-;-;-;-;-
..Pošiljanje komentarjev na druge bloge;2008;-;-;-;-;-;-;-;-;-;-;-;-;-;-;-
..Ustvarjanje in urejanje lastnega bloga;2008;-;-;-;-;-;-;-;-;-;-;-;-;-;-;-
..Uporaba spletnih strani e-uprave v zadnjih 3 mesecih;2008;499536;103659;155018;131350;69856;35693;3961;247273;45639;176941;24693;252263;58019;179283;14961
...Uporaba spletnih strani e-uprave za pridobivanje informacij;2008;463041;96479;144925;123634;63036;31006;3961;230745;41484;167752;21509;232297;54995;163844;13458
…Uporaba spletnih strani e-uprave za pridobivanje obrazcev;2008;256391;34986;86305;83826;30827;19112;1336;125547;14601;100658;10288;130844;20384;100301;10159
…Uporaba spletnih strani e-uprave za vraèanje izpolnjenih obrazcev;2008;106317;13783;42628;28484;15508;5068;846;55849;3518;48577;3754;50468;10266;38043;2159
Posamezniki;2009;1578677;222890;300386;300148;312086;254329;188839;788202;113836;463246;211121;790475;109054;449374;232047
Uporaba interneta v zadnjih 3 mesecih [redni uporabniki];2009;978285;218537;260211;227044;175130;81783;15580;493318;112396;331124;49798;484967;106141;331262;47564
..Pošiljanje ali prejemanje e-pošte;2009;832775;205342;239913;186243;133254;58878;9144;423178;108006;277868;37304;409598;97336;281543;30719
..E-banèništvo;2009;386309;32970;140827;108440;73418;26104;4550;196930;18558;162622;15749;189379;14412;160062;14905
..Iskanje informacij o blagu, storitvah;2009;773656;156128;230722;178194;134130;65477;9004;386150;81419;264779;39952;387506;74710;278267;34529
…Uporaba pridobljenih informacij prek interneta o blagu, storitvah za nakup blaga, storitev;2009;568739;100342;181567;141367;93761;48159;3544;286729;52020;205542;29166;282010;48321;211153;22536
…Uporaba pridobljenih informacij o blagu, storitvah za nakup preko interneta;2009;195462;34181;74459;48659;27175;9302;1686;97485;18667;71276;7542;97977;15514;79018;3446
..Uporaba storitev, povezanih s potovanji in nastanitvijo;2009;397874;72947;122911;95197;67904;31545;7370;190394;29448;142296;18650;207480;43499;143716;20265
..Branje spletni novic, spletnih èasopisov, spletnih revij;2009;533674;117500;159874;120584;84189;44153;7374;265255;55549;183916;25790;268419;61952;180731;25736
...Naroèilo na spletne èasopisove, revije;2009;102214;18989;32954;21215;19648;8408;1001;50917;11515;34479;4924;51297;7474;39337;4486
..Iskanje službe, pošiljanje prošenj za službo;2009;193163;54800;78198;29893;27031;2243;997;93614;27000;65400;1214;99549;27800;69723;2026
..Iskanje informacij, povezanih z zdravjem;2009;512423;95747;157667;125621;75639;46585;11163;199707;39247;136065;24395;312715;56501;222862;33353
..E-naroèanje obiska pri zdravniku;2009;-;-;-;-;-;-;-;-;-;-;-;-;-;-;-
..Sodelovanje v spletnih družabnih omrežjih;2009;-;-;-;-;-;-;-;-;-;-;-;-;-;-;-
..Sodelovanje v profesionalnih spletnih omrežjih;2009;-;-;-;-;-;-;-;-;-;-;-;-;-;-;-
..Ustvarjanje ali urejanje lastnega profila v spletnih družabnih omrežjih;2009;317095;152739;114756;35685;9750;3788;377;163125;77236;83390;2499;153970;75503;76802;1665
..Telefoniranje ali video telefoniranje s spletno kamero prek interneta;2009;225441;67444;66224;44646;32666;12269;2192;136335;39630;88345;8359;89106;27814;55191;6101
...Telefoniranje prek interneta;2009;164874;37668;52978;40920;21726;10722;860;100229;19736;74447;6046;64645;17932;41176;5537
…Video telefoniranje s spletno kamero prek interneta;2009;135217;47918;36563;20651;22816;5938;1332;77460;28060;44919;4481;57758;19858;35110;2789
..Telefoniranje prek interneta, videokonferenca;2009;-;-;-;-;-;-;-;-;-;-;-;-;-;-;-
..Branje in objavljanje mnenj o politiènih temah;2009;-;-;-;-;-;-;-;-;-;-;-;-;-;-;-
..Sodelovanje v spletnih razpravah [tudi glasovanje] o politiènih temah;2009;-;-;-;-;-;-;-;-;-;-;-;-;-;-;-
..Uporaba prostora za hrambo podatkov na internetu za shranjevanje datotek;2009;-;-;-;-;-;-;-;-;-;-;-;-;-;-;-
..Prodaja blaga, storitev;2009;293329;63883;114817;60962;33481;19042;1144;183809;42444;128524;12841;109520;21438;80736;7346
..Prenašanje programske opreme;2009;311893;118174;110069;49414;24150;8360;1726;202049;74874;119243;7932;109844;43300;64390;2155
..Nalaganje lastnih vsebin na spletne strani;2009;-;-;-;-;-;-;-;-;-;-;-;-;-;-;-
..Pridobivanje znanja s pomoèjo spletnih enciklopedij;2009;-;-;-;-;-;-;-;-;-;-;-;-;-;-;-
…Objavljanje lastnih prispevkov v spletnih enciklopedijah;2009;-;-;-;-;-;-;-;-;-;-;-;-;-;-;-
..Nalaganje vsebin na spletno stran;2009;361031;123869;121028;63341;32448;17730;2615;195555;64939;115767;14848;165476;58930;101050;5496
..Pridobivanje informacij o izobraževanju;2009;335775;88660;101886;68814;51923;21697;2794;148600;37151;98603;12846;187175;51509;124020;11645
..Opravljanje teèaja prek interneta;2009;50556;20537;16065;6325;4293;2960;377;23546;10349;11802;1395;27011;10188;14881;1942
..Pridobivanje novih znanj, informacij;2009;453878;146810;138997;94866;52741;20087;377;217602;74259;135789;7555;236275;72551;150815;12909
..Uporaba interneta za izobraževanje in teèaje;2009;607779;172981;176288;133083;85140;37495;2794;294796;88258;187107;19432;312983;84722;207403;20857
..Udeležba kakršnega koli teèaja;2009;-;-;-;-;-;-;-;-;-;-;-;-;-;-;-
…Izvajanje raziskovanj prek interneta v sklopu teèaja;2009;-;-;-;-;-;-;-;-;-;-;-;-;-;-;-
…Izmenjava sporoèil prek interneta v povezavi s teèajem;2009;-;-;-;-;-;-;-;-;-;-;-;-;-;-;-
…Prenos uènega gradiva za teèaj prek interneta;2009;-;-;-;-;-;-;-;-;-;-;-;-;-;-;-
…Preverjanje dosegljivost knjig ali èlankov prek interneta za teèaj;2009;-;-;-;-;-;-;-;-;-;-;-;-;-;-;-
..Poslušanje spletnih radijskih postaj ali gledanje spletne TV;2009;565945;152542;177689;112854;86397;34177;2286;299546;81088;197901;20558;266399;71454;179039;15906
..Poslušanje spletnih radijskih postaj;2009;386011;114867;138100;73287;44900;13549;1308;218791;63725;144506;10559;167220;51142;111781;4297
..Gledanje spletne TV;2009;419899;110753;128857;86036;64977;26989;2286;218131;57393;144678;16060;201767;53359;135193;13215
..Iskanje drugih informacij;2009;-;-;-;-;-;-;-;-;-;-;-;-;-;-;-
..Igranje ali prenašanje raèunalniških iger, fotografij, filmov, glasbe;2009;-;-;-;-;-;-;-;-;-;-;-;-;-;-;-
…Igranje spletnih iger z drugimi osebami;2009;-;-;-;-;-;-;-;-;-;-;-;-;-;-;-
..Izdelava spletnih strani ali blogov;2009;-;-;-;-;-;-;-;-;-;-;-;-;-;-;-
..Uporaba e-pošte za delitev datotek;2009;-;-;-;-;-;-;-;-;-;-;-;-;-;-;-
..Uporaba osebnih spletnih strani, blogov, spletnih družabnih omrežij za delitev datotek;2009;-;-;-;-;-;-;-;-;-;-;-;-;-;-;-
..Uporaba prostora za hrambo podatkov na internetu za delitev datotek;2009;-;-;-;-;-;-;-;-;-;-;-;-;-;-;-
..Uporaba zunanjih naprav za delitev datotek;2009;-;-;-;-;-;-;-;-;-;-;-;-;-;-;-
..Pošiljanje sporoèil v spletne klepetalnice, novièarske skupine, forume;2009;333719;145012;103044;46448;25254;12277;1684;178308;79309;92637;6362;155411;65702;82109;7599
..Pošiljanje sporoèil v spletne klepetalnice;2009;184737;79570;61673;24618;13125;5376;377;102155;45631;53585;2940;82582;33939;45830;2813
..Pošiljanje sporoèil v novièarske skupine;2009;76699;24498;30166;11122;7153;3761;-;43071;12681;28741;1649;33628;11817;19698;2112
..Pošiljanje sporoèil v spletne forume;2009;250242;117233;75274;33373;14885;7793;1684;132310;64043;62592;5675;117932;53190;60939;3803
..Branje spletnih forumov;2009;539512;161377;169661;102673;69253;29885;6664;279227;87113;172088;20026;260285;74264;169498;16523
..Neposredno sporoèanje;2009;469179;175570;145161;82710;41305;19653;4780;244600;94567;135646;14387;224579;81003;133530;10046
..Branje blogov;2009;388058;117861;120980;70747;51007;24421;3041;210026;59645;132722;17659;178032;58216;110013;9802
..Pošiljanje komentarjev na druge bloge;2009;176750;88632;50882;21162;10731;4967;377;94157;47468;43483;3206;82594;41164;39292;2138
..Ustvarjanje in urejanje lastnega bloga;2009;120265;70835;30786;9894;5687;2687;377;65223;36345;26379;2499;55043;34490;19988;565
..Uporaba spletnih strani e-uprave v zadnjih 3 mesecih;2009;509253;101897;152284;119802;91821;38505;4943;236103;49232;163262;23609;273150;52665;200645;19839
...Uporaba spletnih strani e-uprave za pridobivanje informacij;2009;481637;95948;147625;113705;83722;35694;4943;224404;46627;155543;22234;257233;49321;189510;18402
…Uporaba spletnih strani e-uprave za pridobivanje obrazcev;2009;297792;41769;92927;80383;61618;19242;1854;139601;21060;106676;11864;158191;20708;128252;9231
…Uporaba spletnih strani e-uprave za vraèanje izpolnjenih obrazcev;2009;128179;16283;42668;32364;25441;10563;860;52038;2841;43279;5918;76141;13442;57193;5506
Posamezniki;2010;1577092;218027;306771;302328;310519;256111;183336;800709;113868;476202;210638;776383;104159;443416;228808
Uporaba interneta v zadnjih 3 mesecih [redni uporabniki];2010;1070422;212507;284749;250300;199285;101054;22526;560837;110162;384268;66407;509585;102346;350066;57173
..Pošiljanje ali prejemanje e-pošte;2010;916704;200207;260640;211419;148640;79187;16611;465011;100680;316301;48030;451693;99527;304398;47767
..E-banèništvo;2010;449983;32542;145199;125254;91799;45942;9247;240247;19229;188659;32358;209736;13313;173592;22831
..Iskanje informacij o blagu, storitvah;2010;892496;163097;254502;212176;158832;85694;18196;481129;88087;334850;58192;411367;75009;290659;45698
…Uporaba pridobljenih informacij prek interneta o blagu, storitvah za nakup blaga, storitev;2010;-;-;-;-;-;-;-;-;-;-;-;-;-;-;-
…Uporaba pridobljenih informacij o blagu, storitvah za nakup preko interneta;2010;-;-;-;-;-;-;-;-;-;-;-;-;-;-;-
..Uporaba storitev, povezanih s potovanji in nastanitvijo;2010;594238;94883;182807;152446;95885;53098;15119;282860;36299;209331;37230;311378;58584;221807;30987
..Branje spletni novic, spletnih èasopisov, spletnih revij;2010;647887;129149;178897;149951;120365;56507;13018;326548;58643;230210;37696;321338;70506;219004;31829
...Naroèilo na spletne èasopisove, revije;2010;94715;15546;25594;22396;16487;11466;3225;47275;10288;32420;4567;47440;5258;32058;10124
..Iskanje službe, pošiljanje prošenj za službo;2010;219246;47994;88417;50559;23958;8318;-;89450;17241;68673;3536;129796;30753;94261;4782
..Iskanje informacij, povezanih z zdravjem;2010;684589;111606;195333;174167;123490;65572;14420;309342;48008;219914;41420;375246;63598;273076;38573
..E-naroèanje obiska pri zdravniku;2010;-;-;-;-;-;-;-;-;-;-;-;-;-;-;-
..Sodelovanje v spletnih družabnih omrežjih;2010;-;-;-;-;-;-;-;-;-;-;-;-;-;-;-
..Sodelovanje v profesionalnih spletnih omrežjih;2010;-;-;-;-;-;-;-;-;-;-;-;-;-;-;-
..Ustvarjanje ali urejanje lastnega profila v spletnih družabnih omrežjih;2010;430414;167349;156224;67306;25733;11225;2577;227528;84455;135797;7275;202886;82894;113466;6527
..Telefoniranje ali video telefoniranje s spletno kamero prek interneta;2010;222103;59936;59512;46695;32774;15293;7893;126127;31959;81172;12996;95976;27977;57809;10190
...Telefoniranje prek interneta;2010;183489;44796;51161;43050;29634;8875;5973;112116;25791;74448;11877;71373;19005;49397;2971
…Video telefoniranje s spletno kamero prek interneta;2010;146896;46784;43786;23458;16553;9863;6452;76560;23052;47383;6125;70336;23732;36414;10190
..Telefoniranje prek interneta, videokonferenca;2010;-;-;-;-;-;-;-;-;-;-;-;-;-;-;-
..Branje in objavljanje mnenj o politiènih temah;2010;-;-;-;-;-;-;-;-;-;-;-;-;-;-;-
..Sodelovanje v spletnih razpravah [tudi glasovanje] o politiènih temah;2010;-;-;-;-;-;-;-;-;-;-;-;-;-;-;-
..Uporaba prostora za hrambo podatkov na internetu za shranjevanje datotek;2010;-;-;-;-;-;-;-;-;-;-;-;-;-;-;-
..Prodaja blaga, storitev;2010;321514;61384;99688;81593;52859;21488;4502;203040;41827;144361;16852;118474;19557;89779;9138
..Prenašanje programske opreme;2010;347150;125903;117246;63330;29391;9387;1893;207454;70074;128420;8960;139696;55829;81547;2320
..Nalaganje lastnih vsebin na spletne strani;2010;-;-;-;-;-;-;-;-;-;-;-;-;-;-;-
..Pridobivanje znanja s pomoèjo spletnih enciklopedij;2010;-;-;-;-;-;-;-;-;-;-;-;-;-;-;-
…Objavljanje lastnih prispevkov v spletnih enciklopedijah;2010;-;-;-;-;-;-;-;-;-;-;-;-;-;-;-
..Nalaganje vsebin na spletno stran;2010;451955;141904;147324;91083;40813;26946;3885;248538;70010;156529;21999;203416;71894;122691;8831
..Pridobivanje informacij o izobraževanju;2010;419934;98978;122877;90199;66278;35189;6413;183034;42278;119075;21681;236900;56700;160279;19921
..Opravljanje teèaja prek interneta;2010;64929;19940;14376;16903;8624;4574;511;39969;13373;24338;2258;24960;6567;15566;2827
..Pridobivanje novih znanj, informacij;2010;664403;163604;186749;143675;95581;62553;12241;333635;80443;215371;37822;330768;83161;210634;36973
..Uporaba interneta za izobraževanje in teèaje;2010;734943;177475;202709;160727;112378;68529;13125;361749;85370;232477;43902;373193;92105;243337;37751
..Udeležba kakršnega koli teèaja;2010;-;-;-;-;-;-;-;-;-;-;-;-;-;-;-
…Izvajanje raziskovanj prek interneta v sklopu teèaja;2010;-;-;-;-;-;-;-;-;-;-;-;-;-;-;-
…Izmenjava sporoèil prek interneta v povezavi s teèajem;2010;-;-;-;-;-;-;-;-;-;-;-;-;-;-;-
…Prenos uènega gradiva za teèaj prek interneta;2010;-;-;-;-;-;-;-;-;-;-;-;-;-;-;-
…Preverjanje dosegljivost knjig ali èlankov prek interneta za teèaj;2010;-;-;-;-;-;-;-;-;-;-;-;-;-;-;-
..Poslušanje spletnih radijskih postaj ali gledanje spletne TV;2010;627242;154762;179846;139800;101303;40779;10752;356880;86378;241330;29171;270362;68384;179618;22359
..Poslušanje spletnih radijskih postaj;2010;425063;117820;129358;94500;51783;25300;6303;243071;64325;157747;20999;181992;53495;117893;10604
..Gledanje spletne TV;2010;469768;111506;134199;105648;75777;33279;9358;264501;63570;177316;23615;205267;47937;138309;19022
..Iskanje drugih informacij;2010;-;-;-;-;-;-;-;-;-;-;-;-;-;-;-
..Igranje ali prenašanje raèunalniških iger, fotografij, filmov, glasbe;2010;-;-;-;-;-;-;-;-;-;-;-;-;-;-;-
…Igranje spletnih iger z drugimi osebami;2010;-;-;-;-;-;-;-;-;-;-;-;-;-;-;-
..Izdelava spletnih strani ali blogov;2010;-;-;-;-;-;-;-;-;-;-;-;-;-;-;-
..Uporaba e-pošte za delitev datotek;2010;-;-;-;-;-;-;-;-;-;-;-;-;-;-;-
..Uporaba osebnih spletnih strani, blogov, spletnih družabnih omrežij za delitev datotek;2010;-;-;-;-;-;-;-;-;-;-;-;-;-;-;-
..Uporaba prostora za hrambo podatkov na internetu za delitev datotek;2010;-;-;-;-;-;-;-;-;-;-;-;-;-;-;-
..Uporaba zunanjih naprav za delitev datotek;2010;-;-;-;-;-;-;-;-;-;-;-;-;-;-;-
..Pošiljanje sporoèil v spletne klepetalnice, novièarske skupine, forume;2010;310895;110439;99818;54338;27499;16021;2780;170954;57011;105789;8154;139941;53428;75866;10647
..Pošiljanje sporoèil v spletne klepetalnice;2010;155872;68549;42378;27345;8049;7141;2411;84278;39312;40976;3990;71594;29237;36795;5562
..Pošiljanje sporoèil v novièarske skupine;2010;55507;14014;25810;6666;4801;2913;1303;33283;10659;20305;2319;22224;3355;16973;1897
..Pošiljanje sporoèil v spletne forume;2010;236240;80473;77214;43963;21972;11589;1030;138845;41429;92591;4825;97395;39044;50558;7793
..Branje spletnih forumov;2010;652311;154704;196882;139549;103615;46967;10594;337752;76907;229572;31273;314559;77797;210474;26288
..Neposredno sporoèanje;2010;462143;174194;141866;72921;45616;23899;3646;235416;89176;135161;11080;226726;85018;125242;16466
..Branje blogov;2010;454479;114786;125794;92438;68224;46289;6949;230428;54617;148121;27690;224052;60169;138336;25547
..Pošiljanje komentarjev na druge bloge;2010;153141;67824;42904;24551;8021;7941;1899;83190;39661;39777;3752;69951;28163;35699;6089
..Ustvarjanje in urejanje lastnega bloga;2010;78069;33028;24414;10645;5397;3923;661;43189;18013;23503;1673;34879;15015;16954;2911
..Uporaba spletnih strani e-uprave v zadnjih 3 mesecih;2010;636426;117663;177845;150525;117523;61751;11118;311216;48990;219380;42846;325209;68673;226513;30023
...Uporaba spletnih strani e-uprave za pridobivanje informacij;2010;636426;117663;177845;150525;117523;61751;11118;311216;48990;219380;42846;325209;68673;226513;30023
…Uporaba spletnih strani e-uprave za pridobivanje obrazcev;2010;392696;50700;126307;101625;73137;34277;6650;187545;21219;142625;23701;205152;29481;158443;17227
…Uporaba spletnih strani e-uprave za vraèanje izpolnjenih obrazcev;2010;134382;8796;47915;40569;19164;17216;721;68909;3562;54368;10978;65473;5234;53280;6959
Posamezniki;2011;1541185;197732;296102;295110;303872;270145;178223;774395;102834;456800;214761;766790;94898;438284;233608
Uporaba interneta v zadnjih 3 mesecih [redni uporabniki];2011;1037835;195017;276084;240963;197077;101050;27643;550827;102834;371369;76625;487008;92184;342756;52069
..Pošiljanje ali prejemanje e-pošte;2011;909987;189610;251221;208271;157703;83243;19939;468695;101597;307787;59312;441291;88013;309408;43870
..E-banèništvo;2011;477354;49444;144399;136997;96342;43688;6483;257818;30116;198598;29103;219536;19328;179140;21068
..Iskanje informacij o blagu, storitvah;2011;824789;140924;232372;200281;153274;78457;19481;447247;75302;311122;60823;377541;65622;274805;37115
…Uporaba pridobljenih informacij prek interneta o blagu, storitvah za nakup blaga, storitev;2011;-;-;-;-;-;-;-;-;-;-;-;-;-;-;-
…Uporaba pridobljenih informacij o blagu, storitvah za nakup preko interneta;2011;-;-;-;-;-;-;-;-;-;-;-;-;-;-;-
..Uporaba storitev, povezanih s potovanji in nastanitvijo;2011;546525;103516;171677;116675;97577;46528;10552;276466;50744;193837;31885;270059;52772;192093;25195
..Branje spletni novic, spletnih èasopisov, spletnih revij;2011;792044;147927;224018;170498;154499;74336;20767;426069;83068;282980;60022;365975;64859;266035;35081
...Naroèilo na spletne èasopisove, revije;2011;106262;12918;36737;28492;17762;7107;3246;56433;9310;40281;6842;49829;3608;42710;3511
..Iskanje službe, pošiljanje prošenj za službo;2011;212053;53848;94095;36140;24866;3105;-;98783;27877;69958;948;113270;25971;85142;2157
..Iskanje informacij, povezanih z zdravjem;2011;725346;123036;204026;171936;138343;70680;17326;334440;57251;231919;45270;390906;65785;282385;42736
..E-naroèanje obiska pri zdravniku;2011;-;-;-;-;-;-;-;-;-;-;-;-;-;-;-
..Sodelovanje v spletnih družabnih omrežjih;2011;492628;156222;174808;90670;52918;12042;5968;246664;76931;159135;10597;245965;79291;159261;7413
..Sodelovanje v profesionalnih spletnih omrežjih;2011;42110;8553;15531;9434;5468;1693;1432;26097;6890;17368;1839;16013;1663;13064;1286
..Ustvarjanje ali urejanje lastnega profila v spletnih družabnih omrežjih;2011;-;-;-;-;-;-;-;-;-;-;-;-;-;-;-
..Telefoniranje ali video telefoniranje s spletno kamero prek interneta;2011;256975;59510;79869;49467;30497;28670;8962;157900;39762;94148;23989;99075;19747;65685;13643
...Telefoniranje prek interneta;2011;-;-;-;-;-;-;-;-;-;-;-;-;-;-;-
…Video telefoniranje s spletno kamero prek interneta;2011;-;-;-;-;-;-;-;-;-;-;-;-;-;-;-
..Telefoniranje prek interneta, videokonferenca;2011;-;-;-;-;-;-;-;-;-;-;-;-;-;-;-
..Branje in objavljanje mnenj o politiènih temah;2011;218023;29874;68529;47663;43608;20491;7859;123309;22676;80546;20088;94714;7198;79254;8262
..Sodelovanje v spletnih razpravah [tudi glasovanje] o politiènih temah;2011;81826;9125;31519;20635;10737;5071;4739;46309;6739;32442;7128;35517;2386;30449;2682
..Uporaba prostora za hrambo podatkov na internetu za shranjevanje datotek;2011;-;-;-;-;-;-;-;-;-;-;-;-;-;-;-
..Prodaja blaga, storitev;2011;458636;84576;151879;101318;78443;31867;10553;299893;58404;211805;29684;158743;26172;119835;12737
..Prenašanje programske opreme;2011;369464;118311;121471;74503;34339;16291;4550;235729;72645;148678;14406;133735;45665;81635;6435
..Nalaganje lastnih vsebin na spletne strani;2011;-;-;-;-;-;-;-;-;-;-;-;-;-;-;-
..Pridobivanje znanja s pomoèjo spletnih enciklopedij;2011;529572;142407;150576;118226;74384;32916;11063;253748;75234;155954;22560;275824;67173;187232;21419
…Objavljanje lastnih prispevkov v spletnih enciklopedijah;2011;31393;6806;10529;9447;1715;779;2116;16403;3252;10256;2895;14989;3554;11435;-
..Nalaganje vsebin na spletno stran;2011;-;-;-;-;-;-;-;-;-;-;-;-;-;-;-
..Pridobivanje informacij o izobraževanju;2011;502886;133526;149172;112364;71610;28496;7717;243276;66267;156411;20599;259609;67259;176735;15615
..Opravljanje teèaja prek interneta;2011;79479;20341;24126;17350;11715;5133;814;39911;11300;26073;2538;39568;9041;27118;3409
..Pridobivanje novih znanj, informacij;2011;-;-;-;-;-;-;-;-;-;-;-;-;-;-;-
..Uporaba interneta za izobraževanje in teèaje;2011;-;-;-;-;-;-;-;-;-;-;-;-;-;-;-
..Udeležba kakršnega koli teèaja;2011;-;-;-;-;-;-;-;-;-;-;-;-;-;-;-
…Izvajanje raziskovanj prek interneta v sklopu teèaja;2011;-;-;-;-;-;-;-;-;-;-;-;-;-;-;-
…Izmenjava sporoèil prek interneta v povezavi s teèajem;2011;-;-;-;-;-;-;-;-;-;-;-;-;-;-;-
…Prenos uènega gradiva za teèaj prek interneta;2011;-;-;-;-;-;-;-;-;-;-;-;-;-;-;-
…Preverjanje dosegljivost knjig ali èlankov prek interneta za teèaj;2011;-;-;-;-;-;-;-;-;-;-;-;-;-;-;-
..Poslušanje spletnih radijskih postaj ali gledanje spletne TV;2011;-;-;-;-;-;-;-;-;-;-;-;-;-;-;-
..Poslušanje spletnih radijskih postaj;2011;-;-;-;-;-;-;-;-;-;-;-;-;-;-;-
..Gledanje spletne TV;2011;-;-;-;-;-;-;-;-;-;-;-;-;-;-;-
..Iskanje drugih informacij;2011;-;-;-;-;-;-;-;-;-;-;-;-;-;-;-
..Igranje ali prenašanje raèunalniških iger, fotografij, filmov, glasbe;2011;-;-;-;-;-;-;-;-;-;-;-;-;-;-;-
…Igranje spletnih iger z drugimi osebami;2011;-;-;-;-;-;-;-;-;-;-;-;-;-;-;-
..Izdelava spletnih strani ali blogov;2011;-;-;-;-;-;-;-;-;-;-;-;-;-;-;-
..Uporaba e-pošte za delitev datotek;2011;-;-;-;-;-;-;-;-;-;-;-;-;-;-;-
..Uporaba osebnih spletnih strani, blogov, spletnih družabnih omrežij za delitev datotek;2011;-;-;-;-;-;-;-;-;-;-;-;-;-;-;-
..Uporaba prostora za hrambo podatkov na internetu za delitev datotek;2011;-;-;-;-;-;-;-;-;-;-;-;-;-;-;-
..Uporaba zunanjih naprav za delitev datotek;2011;-;-;-;-;-;-;-;-;-;-;-;-;-;-;-
..Pošiljanje sporoèil v spletne klepetalnice, novièarske skupine, forume;2011;-;-;-;-;-;-;-;-;-;-;-;-;-;-;-
..Pošiljanje sporoèil v spletne klepetalnice;2011;-;-;-;-;-;-;-;-;-;-;-;-;-;-;-
..Pošiljanje sporoèil v novièarske skupine;2011;-;-;-;-;-;-;-;-;-;-;-;-;-;-;-
..Pošiljanje sporoèil v spletne forume;2011;280335;72542;91979;60661;37577;14143;3433;160752;46807;100934;13010;119583;25734;89283;4567
..Branje spletnih forumov;2011;698774;148496;202576;159852;114103;56551;17196;356486;76802;233294;46389;342288;71694;243236;27358
..Neposredno sporoèanje;2011;-;-;-;-;-;-;-;-;-;-;-;-;-;-;-
..Branje blogov;2011;-;-;-;-;-;-;-;-;-;-;-;-;-;-;-
..Pošiljanje komentarjev na druge bloge;2011;-;-;-;-;-;-;-;-;-;-;-;-;-;-;-
..Ustvarjanje in urejanje lastnega bloga;2011;-;-;-;-;-;-;-;-;-;-;-;-;-;-;-
..Uporaba spletnih strani e-uprave v zadnjih 3 mesecih;2011;-;-;-;-;-;-;-;-;-;-;-;-;-;-;-
...Uporaba spletnih strani e-uprave za pridobivanje informacij;2011;-;-;-;-;-;-;-;-;-;-;-;-;-;-;-
…Uporaba spletnih strani e-uprave za pridobivanje obrazcev;2011;-;-;-;-;-;-;-;-;-;-;-;-;-;-;-
…Uporaba spletnih strani e-uprave za vraèanje izpolnjenih obrazcev;2011;-;-;-;-;-;-;-;-;-;-;-;-;-;-;-
Posamezniki;2012;1570414;203345;297533;299719;308802;281218;179798;795383;104784;467744;222855;775032;98561;438310;238161
Uporaba interneta v zadnjih 3 mesecih [redni uporabniki];2012;1073379;197263;277182;253716;198915;114881;31422;560543;101619;376559;82365;512837;95644;353255;63938
..Pošiljanje ali prejemanje e-pošte;2012;901347;185277;248372;198996;158914;85452;24337;483952;97053;327139;59760;417394;88223;279142;50029
..E-banèništvo;2012;440944;41744;129548;123072;93895;44113;8572;261980;27706;207210;27064;178964;14038;139305;25621
..Iskanje informacij o blagu, storitvah;2012;918957;162686;246772;218188;170369;95285;25657;491804;78021;342684;71099;427153;84665;292645;49843
…Uporaba pridobljenih informacij prek interneta o blagu, storitvah za nakup blaga, storitev;2012;-;-;-;-;-;-;-;-;-;-;-;-;-;-;-
…Uporaba pridobljenih informacij o blagu, storitvah za nakup preko interneta;2012;-;-;-;-;-;-;-;-;-;-;-;-;-;-;-
..Uporaba storitev, povezanih s potovanji in nastanitvijo;2012;490290;90251;146468;117369;87110;37051;12040;254458;41474;186715;26268;235832;48777;164232;22823
..Branje spletni novic, spletnih èasopisov, spletnih revij;2012;744321;145888;195099;164008;145166;71720;22441;394675;75731;265161;53783;349645;70156;239112;40377
...Naroèilo na spletne èasopisove, revije;2012;-;-;-;-;-;-;-;-;-;-;-;-;-;-;-
..Iskanje službe, pošiljanje prošenj za službo;2012;-;-;-;-;-;-;-;-;-;-;-;-;-;-;-
..Iskanje informacij, povezanih z zdravjem;2012;806543;135622;218275;195290;154419;83025;19912;379158;57921;267352;53885;427386;77701;300632;49052
..E-naroèanje obiska pri zdravniku;2012;52468;6231;11997;11598;16846;3909;1887;25244;2782;19798;2664;27224;3449;20642;3132
..Sodelovanje v spletnih družabnih omrežjih;2012;561585;173598;208551;97402;54951;20219;6864;295658;91390;189412;14856;265927;82208;171492;12227
..Sodelovanje v profesionalnih spletnih omrežjih;2012;-;-;-;-;-;-;-;-;-;-;-;-;-;-;-
..Ustvarjanje ali urejanje lastnega profila v spletnih družabnih omrežjih;2012;-;-;-;-;-;-;-;-;-;-;-;-;-;-;-
..Telefoniranje ali video telefoniranje s spletno kamero prek interneta;2012;308890;84713;80143;67963;49014;20491;6565;171963;48806;109852;13305;136926;35907;87268;13752
...Telefoniranje prek interneta;2012;-;-;-;-;-;-;-;-;-;-;-;-;-;-;-
…Video telefoniranje s spletno kamero prek interneta;2012;-;-;-;-;-;-;-;-;-;-;-;-;-;-;-
..Telefoniranje prek interneta, videokonferenca;2012;-;-;-;-;-;-;-;-;-;-;-;-;-;-;-
..Branje in objavljanje mnenj o politiènih temah;2012;-;-;-;-;-;-;-;-;-;-;-;-;-;-;-
..Sodelovanje v spletnih razpravah [tudi glasovanje] o politiènih temah;2012;-;-;-;-;-;-;-;-;-;-;-;-;-;-;-
..Uporaba prostora za hrambo podatkov na internetu za shranjevanje datotek;2012;-;-;-;-;-;-;-;-;-;-;-;-;-;-;-
..Prodaja blaga, storitev;2012;469390;82989;142815;131277;69103;33326;9881;288611;53124;205293;30195;180779;29865;137901;13012
..Prenašanje programske opreme;2012;-;-;-;-;-;-;-;-;-;-;-;-;-;-;-
..Nalaganje lastnih vsebin na spletne strani;2012;357485;103685;109110;73836;45448;18109;7298;212671;58950;134144;19577;144814;44735;94249;5830
..Pridobivanje znanja s pomoèjo spletnih enciklopedij;2012;673036;165686;175731;155191;100364;58214;17851;358858;82816;230899;45143;314179;82869;200386;30923
…Objavljanje lastnih prispevkov v spletnih enciklopedijah;2012;45061;16435;9488;6028;9533;2929;648;25423;6987;16738;1698;19638;9448;8310;1880
..Nalaganje vsebin na spletno stran;2012;-;-;-;-;-;-;-;-;-;-;-;-;-;-;-
..Pridobivanje informacij o izobraževanju;2012;-;-;-;-;-;-;-;-;-;-;-;-;-;-;-
..Opravljanje teèaja prek interneta;2012;-;-;-;-;-;-;-;-;-;-;-;-;-;-;-
..Pridobivanje novih znanj, informacij;2012;-;-;-;-;-;-;-;-;-;-;-;-;-;-;-
..Uporaba interneta za izobraževanje in teèaje;2012;-;-;-;-;-;-;-;-;-;-;-;-;-;-;-
..Udeležba kakršnega koli teèaja;2012;-;-;-;-;-;-;-;-;-;-;-;-;-;-;-
…Izvajanje raziskovanj prek interneta v sklopu teèaja;2012;-;-;-;-;-;-;-;-;-;-;-;-;-;-;-
…Izmenjava sporoèil prek interneta v povezavi s teèajem;2012;-;-;-;-;-;-;-;-;-;-;-;-;-;-;-
…Prenos uènega gradiva za teèaj prek interneta;2012;-;-;-;-;-;-;-;-;-;-;-;-;-;-;-
…Preverjanje dosegljivost knjig ali èlankov prek interneta za teèaj;2012;-;-;-;-;-;-;-;-;-;-;-;-;-;-;-
..Poslušanje spletnih radijskih postaj ali gledanje spletne TV;2012;628726;142631;185707;148414;99799;41059;11115;343809;72763;242069;28978;284916;69868;191852;23196
..Poslušanje spletnih radijskih postaj;2012;467702;113665;148332;103510;69377;29648;3170;252959;59346;173056;20557;214743;54319;148163;12261
..Gledanje spletne TV;2012;418471;91414;114482;100443;71439;30783;9909;234210;42632;170369;21210;184261;48783;115996;19483
..Iskanje drugih informacij;2012;-;-;-;-;-;-;-;-;-;-;-;-;-;-;-
..Igranje ali prenašanje raèunalniških iger, fotografij, filmov, glasbe;2012;539291;157707;180443;108660;50175;30511;11796;315661;87979;199329;28354;223630;69728;139949;13953
…Igranje spletnih iger z drugimi osebami;2012;157562;65457;46181;27020;12338;5846;720;110876;49369;58489;3019;46686;16088;27051;3547
..Izdelava spletnih strani ali blogov;2012;72764;31066;17799;12032;9254;1346;1268;56148;22724;30811;2614;16616;8343;8273;-
..Uporaba e-pošte za delitev datotek;2012;-;-;-;-;-;-;-;-;-;-;-;-;-;-;-
..Uporaba osebnih spletnih strani, blogov, spletnih družabnih omrežij za delitev datotek;2012;-;-;-;-;-;-;-;-;-;-;-;-;-;-;-
..Uporaba prostora za hrambo podatkov na internetu za delitev datotek;2012;-;-;-;-;-;-;-;-;-;-;-;-;-;-;-
..Uporaba zunanjih naprav za delitev datotek;2012;-;-;-;-;-;-;-;-;-;-;-;-;-;-;-
..Pošiljanje sporoèil v spletne klepetalnice, novièarske skupine, forume;2012;-;-;-;-;-;-;-;-;-;-;-;-;-;-;-
..Pošiljanje sporoèil v spletne klepetalnice;2012;114854;35959;38454;20957;13012;6473;-;69614;22645;43421;3547;45241;13313;29002;2926
..Pošiljanje sporoèil v novièarske skupine;2012;50271;15302;11877;13553;7702;1838;-;32262;6311;24746;1205;18009;8992;8385;633
..Pošiljanje sporoèil v spletne forume;2012;292500;77511;92992;57458;42173;20516;1849;185657;48824;124308;12526;106843;28687;68315;9840
..Branje spletnih forumov;2012;729907;156094;216666;160980;115026;63555;17586;394143;83621;267511;43012;335764;72473;225162;38129
..Neposredno sporoèanje;2012;365958;100503;116718;86597;41190;18009;2940;201593;57773;132689;11131;164364;42730;111816;9818
..Branje blogov;2012;-;-;-;-;-;-;-;-;-;-;-;-;-;-;-
..Pošiljanje komentarjev na druge bloge;2012;185293;57222;65722;28224;24788;8068;1268;112849;33398;74411;5040;72444;23824;44324;4297
..Ustvarjanje in urejanje lastnega bloga;2012;-;-;-;-;-;-;-;-;-;-;-;-;-;-;-
..Uporaba spletnih strani e-uprave v zadnjih 3 mesecih;2012;-;-;-;-;-;-;-;-;-;-;-;-;-;-;-
...Uporaba spletnih strani e-uprave za pridobivanje informacij;2012;-;-;-;-;-;-;-;-;-;-;-;-;-;-;-
…Uporaba spletnih strani e-uprave za pridobivanje obrazcev;2012;-;-;-;-;-;-;-;-;-;-;-;-;-;-;-
…Uporaba spletnih strani e-uprave za vraèanje izpolnjenih obrazcev;2012;-;-;-;-;-;-;-;-;-;-;-;-;-;-;-
Posamezniki;2013;1566491;196579;293744;299580;307714;285510;183364;793559;101157;465386;227016;772932;95422;435653;241858
Uporaba interneta v zadnjih 3 mesecih [redni uporabniki];2013;1138457;192701;284598;260910;211022;144473;44753;586919;97279;387677;101963;551538;95422;368853;87264
..Pošiljanje ali prejemanje e-pošte;2013;982565;188381;268548;226676;159607;109113;30240;498641;94508;330967;73166;483924;93873;323864;66187
..E-banèništvo;2013;506205;53598;142367;138402;100764;56705;14369;271170;28080;204243;38847;235035;25519;177290;32227
..Iskanje informacij o blagu, storitvah;2013;857805;147233;230151;208114;147455;97323;27528;464420;77346;317803;69271;393384;69887;267917;55581
…Uporaba pridobljenih informacij prek interneta o blagu, storitvah za nakup blaga, storitev;2013;-;-;-;-;-;-;-;-;-;-;-;-;-;-;-
…Uporaba pridobljenih informacij o blagu, storitvah za nakup preko interneta;2013;-;-;-;-;-;-;-;-;-;-;-;-;-;-;-
..Uporaba storitev, povezanih s potovanji in nastanitvijo;2013;528393;90003;150623;124196;88307;58206;17059;259183;38856;182631;37695;269210;51146;180495;37569
..Branje spletni novic, spletnih èasopisov, spletnih revij;2013;898762;162695;232405;202448;163995;104758;32461;480931;79835;327910;73186;417831;82860;270938;64033
...Naroèilo na spletne èasopisove, revije;2013;78726;16572;17693;18600;11952;10391;3518;43894;13358;23045;7490;34832;3214;25200;6418
..Iskanje službe, pošiljanje prošenj za službo;2013;247657;56885;102251;54535;23708;10278;-;114696;28807;82414;3476;132960;28078;98080;6802
..Iskanje informacij, povezanih z zdravjem;2013;784311;125098;211861;188867;136133;93441;28912;350971;52772;246147;52052;433340;72326;290713;70301
..E-naroèanje obiska pri zdravniku;2013;-;-;-;-;-;-;-;-;-;-;-;-;-;-;-
..Sodelovanje v spletnih družabnih omrežjih;2013;599682;168292;208984;124613;57312;30124;10357;309910;83176;205430;21304;289772;85117;185478;19177
..Sodelovanje v profesionalnih spletnih omrežjih;2013;68914;8453;31031;18070;5794;5074;493;36858;5983;26535;4340;32055;2470;28359;1227
..Ustvarjanje ali urejanje lastnega profila v spletnih družabnih omrežjih;2013;-;-;-;-;-;-;-;-;-;-;-;-;-;-;-
..Telefoniranje ali video telefoniranje s spletno kamero prek interneta;2013;400375;91730;114623;79807;54041;49659;10514;215475;51349;135129;28997;184900;40382;113342;31177
...Telefoniranje prek interneta;2013;-;-;-;-;-;-;-;-;-;-;-;-;-;-;-
…Video telefoniranje s spletno kamero prek interneta;2013;-;-;-;-;-;-;-;-;-;-;-;-;-;-;-
..Telefoniranje prek interneta, videokonferenca;2013;-;-;-;-;-;-;-;-;-;-;-;-;-;-;-
..Branje in objavljanje mnenj o politiènih temah;2013;130354;31232;40803;33620;12349;10416;1935;75796;17658;53174;4964;54558;13574;33598;7387
..Sodelovanje v spletnih razpravah [tudi glasovanje] o politiènih temah;2013;119126;20081;38819;28048;17241;12580;2358;61138;12009;42263;6866;57987;8071;41845;8071
..Uporaba prostora za hrambo podatkov na internetu za shranjevanje datotek;2013;-;-;-;-;-;-;-;-;-;-;-;-;-;-;-
..Prodaja blaga, storitev;2013;549099;111955;158492;135340;81336;52162;9814;322891;58750;230337;33803;226208;53205;144830;28173
..Prenašanje programske opreme;2013;316139;106626;102749;69274;22883;14036;573;211924;70999;129589;11336;104215;35627;65316;3273
..Nalaganje lastnih vsebin na spletne strani;2013;-;-;-;-;-;-;-;-;-;-;-;-;-;-;-
..Pridobivanje znanja s pomoèjo spletnih enciklopedij;2013;626502;153547;167531;151136;84885;53039;16364;326300;79516;208256;38528;300203;74031;195296;30875
…Objavljanje lastnih prispevkov v spletnih enciklopedijah;2013;-;-;-;-;-;-;-;-;-;-;-;-;-;-;-
..Nalaganje vsebin na spletno stran;2013;-;-;-;-;-;-;-;-;-;-;-;-;-;-;-
..Pridobivanje informacij o izobraževanju;2013;496640;129397;146917;109399;60020;40726;10181;229038;62680;143160;23199;267602;66717;173176;27709
..Opravljanje teèaja prek interneta;2013;59399;17643;17182;12610;5863;5168;933;33230;10465;19872;2892;26170;7178;15782;3209
..Pridobivanje novih znanj, informacij;2013;-;-;-;-;-;-;-;-;-;-;-;-;-;-;-
..Uporaba interneta za izobraževanje in teèaje;2013;-;-;-;-;-;-;-;-;-;-;-;-;-;-;-
..Udeležba kakršnega koli teèaja;2013;-;-;-;-;-;-;-;-;-;-;-;-;-;-;-
…Izvajanje raziskovanj prek interneta v sklopu teèaja;2013;-;-;-;-;-;-;-;-;-;-;-;-;-;-;-
…Izmenjava sporoèil prek interneta v povezavi s teèajem;2013;-;-;-;-;-;-;-;-;-;-;-;-;-;-;-
…Prenos uènega gradiva za teèaj prek interneta;2013;-;-;-;-;-;-;-;-;-;-;-;-;-;-;-
…Preverjanje dosegljivost knjig ali èlankov prek interneta za teèaj;2013;-;-;-;-;-;-;-;-;-;-;-;-;-;-;-
..Poslušanje spletnih radijskih postaj ali gledanje spletne TV;2013;-;-;-;-;-;-;-;-;-;-;-;-;-;-;-
..Poslušanje spletnih radijskih postaj;2013;-;-;-;-;-;-;-;-;-;-;-;-;-;-;-
..Gledanje spletne TV;2013;-;-;-;-;-;-;-;-;-;-;-;-;-;-;-
..Iskanje drugih informacij;2013;-;-;-;-;-;-;-;-;-;-;-;-;-;-;-
..Igranje ali prenašanje raèunalniških iger, fotografij, filmov, glasbe;2013;-;-;-;-;-;-;-;-;-;-;-;-;-;-;-
…Igranje spletnih iger z drugimi osebami;2013;-;-;-;-;-;-;-;-;-;-;-;-;-;-;-
..Izdelava spletnih strani ali blogov;2013;-;-;-;-;-;-;-;-;-;-;-;-;-;-;-
..Uporaba e-pošte za delitev datotek;2013;-;-;-;-;-;-;-;-;-;-;-;-;-;-;-
..Uporaba osebnih spletnih strani, blogov, spletnih družabnih omrežij za delitev datotek;2013;-;-;-;-;-;-;-;-;-;-;-;-;-;-;-
..Uporaba prostora za hrambo podatkov na internetu za delitev datotek;2013;-;-;-;-;-;-;-;-;-;-;-;-;-;-;-
..Uporaba zunanjih naprav za delitev datotek;2013;-;-;-;-;-;-;-;-;-;-;-;-;-;-;-
..Pošiljanje sporoèil v spletne klepetalnice, novièarske skupine, forume;2013;-;-;-;-;-;-;-;-;-;-;-;-;-;-;-
..Pošiljanje sporoèil v spletne klepetalnice;2013;-;-;-;-;-;-;-;-;-;-;-;-;-;-;-
..Pošiljanje sporoèil v novièarske skupine;2013;-;-;-;-;-;-;-;-;-;-;-;-;-;-;-
..Pošiljanje sporoèil v spletne forume;2013;-;-;-;-;-;-;-;-;-;-;-;-;-;-;-
..Branje spletnih forumov;2013;-;-;-;-;-;-;-;-;-;-;-;-;-;-;-
..Neposredno sporoèanje;2013;-;-;-;-;-;-;-;-;-;-;-;-;-;-;-
..Branje blogov;2013;-;-;-;-;-;-;-;-;-;-;-;-;-;-;-
..Pošiljanje komentarjev na druge bloge;2013;-;-;-;-;-;-;-;-;-;-;-;-;-;-;-
..Ustvarjanje in urejanje lastnega bloga;2013;-;-;-;-;-;-;-;-;-;-;-;-;-;-;-
..Uporaba spletnih strani e-uprave v zadnjih 3 mesecih;2013;-;-;-;-;-;-;-;-;-;-;-;-;-;-;-
...Uporaba spletnih strani e-uprave za pridobivanje informacij;2013;-;-;-;-;-;-;-;-;-;-;-;-;-;-;-
…Uporaba spletnih strani e-uprave za pridobivanje obrazcev;2013;-;-;-;-;-;-;-;-;-;-;-;-;-;-;-
…Uporaba spletnih strani e-uprave za vraèanje izpolnjenih obrazcev;2013;-;-;-;-;-;-;-;-;-;-;-;-;-;-;-
Posamezniki;2014;1561751;189357;288715;300949;306781;288598;187351;791572;97169;463331;231072;770179;92188;433114;244877
Uporaba interneta v zadnjih 3 mesecih [redni uporabniki];2014;1117999;184002;270676;269742;214616;128800;50163;564800;93127;379043;92630;553199;90875;375990;86333
..Pošiljanje ali prejemanje e-pošte;2014;973942;181332;254935;231453;164420;102477;39324;487264;90457;325060;71747;486678;90875;325748;70054
..E-banèništvo;2014;504143;48192;168083;140247;77714;55043;14865;260838;27710;193998;39130;243305;20482;192046;30778
..Iskanje informacij o blagu, storitvah;2014;969576;164597;250050;238194;176194;99222;41319;498432;86677;340312;71444;471144;77920;324126;69098
…Uporaba pridobljenih informacij prek interneta o blagu, storitvah za nakup blaga, storitev;2014;-;-;-;-;-;-;-;-;-;-;-;-;-;-;-
…Uporaba pridobljenih informacij o blagu, storitvah za nakup preko interneta;2014;-;-;-;-;-;-;-;-;-;-;-;-;-;-;-
..Uporaba storitev, povezanih s potovanji in nastanitvijo;2014;437267;54123;121163;111593;86364;42924;21101;228034;21217;169194;37623;209233;32906;149926;26401
..Branje spletni novic, spletnih èasopisov, spletnih revij;2014;912680;160951;231708;215069;171022;97235;36695;458448;79422;309350;69676;454232;81530;308448;64254
...Naroèilo na spletne èasopisove, revije;2014;-;-;-;-;-;-;-;-;-;-;-;-;-;-;-
..Iskanje službe, pošiljanje prošenj za službo;2014;-;-;-;-;-;-;-;-;-;-;-;-;-;-;-
..Iskanje informacij, povezanih z zdravjem;2014;-;-;-;-;-;-;-;-;-;-;-;-;-;-;-
..E-naroèanje obiska pri zdravniku;2014;101031;10337;21513;24570;22373;14522;7715;35932;1867;24373;9692;65099;8470;44083;12545
..Sodelovanje v spletnih družabnih omrežjih;2014;653076;171427;199356;152500;72020;45960;11814;316765;82539;205067;29159;336312;88888;218809;28615
..Sodelovanje v profesionalnih spletnih omrežjih;2014;-;-;-;-;-;-;-;-;-;-;-;-;-;-;-
..Ustvarjanje ali urejanje lastnega profila v spletnih družabnih omrežjih;2014;-;-;-;-;-;-;-;-;-;-;-;-;-;-;-
..Telefoniranje ali video telefoniranje s spletno kamero prek interneta;2014;460005;91890;126270;105395;70691;49483;16276;240920;47517;161470;31933;219085;44373;140886;33826
...Telefoniranje prek interneta;2014;-;-;-;-;-;-;-;-;-;-;-;-;-;-;-
…Video telefoniranje s spletno kamero prek interneta;2014;-;-;-;-;-;-;-;-;-;-;-;-;-;-;-
..Telefoniranje prek interneta, videokonferenca;2014;-;-;-;-;-;-;-;-;-;-;-;-;-;-;-
..Branje in objavljanje mnenj o politiènih temah;2014;-;-;-;-;-;-;-;-;-;-;-;-;-;-;-
..Sodelovanje v spletnih razpravah [tudi glasovanje] o politiènih temah;2014;-;-;-;-;-;-;-;-;-;-;-;-;-;-;-
..Uporaba prostora za hrambo podatkov na internetu za shranjevanje datotek;2014;282900;91718;79590;60657;26137;21070;3729;151706;44262;92827;14617;131194;47455;73557;10182
..Prodaja blaga, storitev;2014;450142;81312;137222;117397;67216;32349;14646;269811;45044;191304;33463;180331;36268;130531;13532
..Prenašanje programske opreme;2014;-;-;-;-;-;-;-;-;-;-;-;-;-;-;-
..Nalaganje lastnih vsebin na spletne strani;2014;422501;109177;129049;101817;41771;32230;8456;223218;56500;141866;24853;199282;52677;130772;15834
..Pridobivanje znanja s pomoèjo spletnih enciklopedij;2014;-;-;-;-;-;-;-;-;-;-;-;-;-;-;-
…Objavljanje lastnih prispevkov v spletnih enciklopedijah;2014;-;-;-;-;-;-;-;-;-;-;-;-;-;-;-
..Nalaganje vsebin na spletno stran;2014;-;-;-;-;-;-;-;-;-;-;-;-;-;-;-
..Pridobivanje informacij o izobraževanju;2014;-;-;-;-;-;-;-;-;-;-;-;-;-;-;-
..Opravljanje teèaja prek interneta;2014;-;-;-;-;-;-;-;-;-;-;-;-;-;-;-
..Pridobivanje novih znanj, informacij;2014;-;-;-;-;-;-;-;-;-;-;-;-;-;-;-
..Uporaba interneta za izobraževanje in teèaje;2014;-;-;-;-;-;-;-;-;-;-;-;-;-;-;-
..Udeležba kakršnega koli teèaja;2014;-;-;-;-;-;-;-;-;-;-;-;-;-;-;-
…Izvajanje raziskovanj prek interneta v sklopu teèaja;2014;-;-;-;-;-;-;-;-;-;-;-;-;-;-;-
…Izmenjava sporoèil prek interneta v povezavi s teèajem;2014;-;-;-;-;-;-;-;-;-;-;-;-;-;-;-
…Prenos uènega gradiva za teèaj prek interneta;2014;-;-;-;-;-;-;-;-;-;-;-;-;-;-;-
…Preverjanje dosegljivost knjig ali èlankov prek interneta za teèaj;2014;-;-;-;-;-;-;-;-;-;-;-;-;-;-;-
..Poslušanje spletnih radijskih postaj ali gledanje spletne TV;2014;-;-;-;-;-;-;-;-;-;-;-;-;-;-;-
..Poslušanje spletnih radijskih postaj;2014;467875;104385;128167;122539;67612;30516;14657;247822;50784;169890;27148;220053;53601;148428;18025
..Gledanje spletne TV;2014;-;-;-;-;-;-;-;-;-;-;-;-;-;-;-
..Iskanje drugih informacij;2014;-;-;-;-;-;-;-;-;-;-;-;-;-;-;-
..Igranje ali prenašanje raèunalniških iger, fotografij, filmov, glasbe;2014;525338;139200;143651;133978;62333;31724;14452;279148;73206;179536;26406;246190;65994;160426;19770
…Igranje spletnih iger z drugimi osebami;2014;111001;46935;28577;19972;11488;4029;-;71804;33998;35259;2546;39197;12937;24778;1482
..Izdelava spletnih strani ali blogov;2014;85037;22228;28402;22200;6274;3083;2849;50641;10869;34462;5310;34396;11359;22415;622
..Uporaba e-pošte za delitev datotek;2014;792566;167689;212660;183160;124601;76836;27621;390791;81178;254514;55099;401775;86510;265907;49358
..Uporaba osebnih spletnih strani, blogov, spletnih družabnih omrežij za delitev datotek;2014;469406;150688;137898;108808;37368;29339;5306;220864;70499;136285;14080;248542;80189;147789;20565
..Uporaba prostora za hrambo podatkov na internetu za delitev datotek;2014;223510;72491;64629;48334;20597;15484;1975;119345;34429;74098;10818;104166;38062;59463;6641
..Uporaba zunanjih naprav za delitev datotek;2014;672444;147293;174827;168354;106487;56001;19482;359771;78670;240257;40844;312673;68623;209411;34640
..Pošiljanje sporoèil v spletne klepetalnice, novièarske skupine, forume;2014;-;-;-;-;-;-;-;-;-;-;-;-;-;-;-
..Pošiljanje sporoèil v spletne klepetalnice;2014;-;-;-;-;-;-;-;-;-;-;-;-;-;-;-
..Pošiljanje sporoèil v novièarske skupine;2014;-;-;-;-;-;-;-;-;-;-;-;-;-;-;-
..Pošiljanje sporoèil v spletne forume;2014;-;-;-;-;-;-;-;-;-;-;-;-;-;-;-
..Branje spletnih forumov;2014;-;-;-;-;-;-;-;-;-;-;-;-;-;-;-
..Neposredno sporoèanje;2014;-;-;-;-;-;-;-;-;-;-;-;-;-;-;-
..Branje blogov;2014;-;-;-;-;-;-;-;-;-;-;-;-;-;-;-
..Pošiljanje komentarjev na druge bloge;2014;-;-;-;-;-;-;-;-;-;-;-;-;-;-;-
..Ustvarjanje in urejanje lastnega bloga;2014;-;-;-;-;-;-;-;-;-;-;-;-;-;-;-
..Uporaba spletnih strani e-uprave v zadnjih 3 mesecih;2014;-;-;-;-;-;-;-;-;-;-;-;-;-;-;-
...Uporaba spletnih strani e-uprave za pridobivanje informacij;2014;-;-;-;-;-;-;-;-;-;-;-;-;-;-;-
…Uporaba spletnih strani e-uprave za pridobivanje obrazcev;2014;-;-;-;-;-;-;-;-;-;-;-;-;-;-;-
…Uporaba spletnih strani e-uprave za vraèanje izpolnjenih obrazcev;2014;-;-;-;-;-;-;-;-;-;-;-;-;-;-;-
